id,ensino,status,filhos,idade
C5524,superior,solteiro,0,50
C2174,superior,solteiro,2,53
C4141,superior,uniao_estavel,0,42
C6182,superior,uniao_estavel,1,23
C5324,doutorado,casado,1,26
C7446,mestrado,uniao_estavel,1,40
C965,superior,divorciado,1,36
C6177,doutorado,casado,1,22
C4855,doutorado,uniao_estavel,1,33
C5899,doutorado,uniao_estavel,2,57
C387,basico,casado,0,31
C2125,superior,divorciado,0,48
C8180,mestrado,divorciado,2,55
C2569,superior,casado,0,20
C2114,doutorado,solteiro,0,61
C9736,superior,casado,2,27
C4939,superior,uniao_estavel,0,61
C6565,mestrado,casado,1,58
C9360,superior,casado,0,25
C5376,superior,casado,1,28
C1993,doutorado,casado,1,58
C4047,doutorado,casado,1,53
C1409,superior,uniao_estavel,1,56
C7892,superior,solteiro,0,38
C2404,superior,casado,2,31
C9422,superior,casado,1,18
C1966,doutorado,casado,0,42
C6864,mestrado,divorciado,0,18
C3033,mestrado,uniao_estavel,0,44
C5710,superior,uniao_estavel,1,37
C7373,doutorado,divorciado,2,55
C8755,mestrado,casado,0,61
C10738,mestrado,solteiro,2,56
C4339,doutorado,casado,1,37
C8595,superior,viuvo,1,34
C2968,doutorado,divorciado,0,64
C8601,superior,casado,1,27
C503,mestrado,casado,1,22
C8430,superior,uniao_estavel,1,50
C2139,mestrado,casado,1,32
C1371,superior,solteiro,0,31
C7286,superior,uniao_estavel,1,39
C6566,doutorado,casado,2,53
C8614,superior,viuvo,1,50
C4114,mestrado,casado,0,43
C1331,superior,solteiro,1,30
C2225,superior,divorciado,0,30
C9381,superior,casado,2,29
C6260,mestrado,uniao_estavel,0,52
C10383,superior,divorciado,0,41
C7437,superior,solteiro,1,19
C8375,doutorado,casado,1,39
C6853,mestrado,solteiro,0,25
C3076,superior,uniao_estavel,2,32
C1012,superior,solteiro,1,55
C6518,doutorado,viuvo,1,56
C4137,superior,uniao_estavel,0,59
C8082,superior,casado,1,36
C1386,superior,uniao_estavel,2,40
C4477,superior,uniao_estavel,1,49
C1357,superior,uniao_estavel,3,37
C1402,mestrado,casado,0,53
C6312,superior,casado,1,48
C8132,doutorado,casado,2,32
C1050,superior,casado,0,55
C5846,superior,divorciado,1,30
C1859,mestrado,casado,0,35
C7503,superior,solteiro,0,31
C1618,superior,uniao_estavel,0,42
C3332,superior,solteiro,1,22
C2261,superior,casado,1,38
C4119,mestrado,uniao_estavel,0,44
C535,superior,divorciado,0,20
C5268,superior,casado,2,47
C273,mestrado,casado,2,37
C4452,superior,solteiro,1,50
C8504,superior,casado,0,34
C771,superior,uniao_estavel,1,40
C11178,mestrado,solteiro,1,35
C2230,doutorado,casado,1,37
C7516,superior,casado,1,24
C7247,superior,viuvo,1,47
C11100,superior,divorciado,2,35
C3037,doutorado,casado,0,24
C1016,doutorado,solteiro,1,48
C4518,superior,uniao_estavel,1,28
C9370,doutorado,casado,0,62
C8908,superior,casado,0,48
C8373,basico,uniao_estavel,1,28
C7533,superior,casado,2,43
C2683,superior,casado,2,38
C3629,superior,solteiro,1,29
C10991,mestrado,casado,0,47
C5077,superior,uniao_estavel,1,28
C7431,doutorado,solteiro,0,16
C3267,mestrado,uniao_estavel,1,44
C999,superior,solteiro,0,16
C9215,doutorado,casado,1,27
C2286,superior,solteiro,2,45
C1592,superior,casado,0,37
C9862,superior,uniao_estavel,1,38
C9805,mestrado,uniao_estavel,1,54
C6205,mestrado,solteiro,1,40
C8442,mestrado,casado,2,22
C7386,superior,divorciado,1,31
C7215,superior,solteiro,0,24
C11071,superior,solteiro,0,23
C3381,mestrado,casado,2,54
C11051,doutorado,uniao_estavel,2,51
C8026,superior,casado,1,55
C9597,superior,casado,0,38
C5290,doutorado,casado,2,43
C1685,doutorado,uniao_estavel,0,40
C5342,basico,divorciado,1,31
C9579,doutorado,casado,3,48
C1461,doutorado,divorciado,2,42
C821,mestrado,solteiro,0,15
C11084,mestrado,uniao_estavel,1,31
C8690,superior,casado,0,45
C2937,doutorado,solteiro,1,33
C9701,superior,uniao_estavel,1,19
C9949,superior,casado,2,31
C10837,superior,casado,1,32
C3120,superior,uniao_estavel,1,26
C4050,mestrado,casado,0,41
C3830,mestrado,casado,2,54
C7987,superior,casado,1,38
C7055,doutorado,uniao_estavel,1,55
C10240,superior,uniao_estavel,0,58
C3025,superior,solteiro,1,49
C9283,superior,solteiro,3,29
C9970,superior,uniao_estavel,1,30
C2730,superior,solteiro,0,52
C2795,mestrado,solteiro,3,49
C9260,doutorado,casado,0,62
C8182,superior,casado,1,23
C10095,doutorado,divorciado,0,32
C8475,doutorado,casado,1,34
C4370,superior,uniao_estavel,3,41
C10573,superior,divorciado,0,54
C3712,superior,divorciado,0,48
C6637,superior,solteiro,0,19
C3152,superior,uniao_estavel,2,50
C5610,superior,uniao_estavel,2,42
C6460,superior,casado,1,25
C1349,superior,casado,2,37
C1880,doutorado,uniao_estavel,2,48
C641,superior,solteiro,1,40
C8717,doutorado,casado,1,32
C10314,doutorado,casado,0,59
C10854,doutorado,casado,2,37
C10492,superior,uniao_estavel,3,48
C7698,doutorado,casado,1,31
C10562,mestrado,casado,0,61
C10796,mestrado,casado,1,23
C2563,basico,casado,0,46
C3518,superior,casado,1,24
C5823,doutorado,solteiro,1,37
C3934,superior,casado,1,41
C6982,superior,casado,0,31
C6431,doutorado,casado,2,43
C9733,basico,uniao_estavel,1,29
C5602,doutorado,uniao_estavel,0,18
C1324,superior,casado,1,19
C326,superior,casado,2,34
C7224,superior,casado,2,30
C6999,mestrado,casado,0,27
C9938,superior,casado,0,53
C6422,superior,casado,0,53
C3182,doutorado,solteiro,2,34
C7300,superior,divorciado,1,55
C10424,superior,solteiro,0,39
C8727,superior,divorciado,1,29
C2798,doutorado,uniao_estavel,0,30
C1030,doutorado,solteiro,2,42
C624,mestrado,solteiro,0,23
C5176,superior,uniao_estavel,1,19
C5552,mestrado,divorciado,2,44
C868,superior,casado,1,41
C380,superior,divorciado,1,53
C2677,superior,uniao_estavel,1,51
C6521,superior,uniao_estavel,0,53
C6927,doutorado,casado,2,39
C2877,mestrado,uniao_estavel,2,33
C0,superior,casado,0,22
C1584,superior,casado,1,30
C6274,mestrado,casado,0,59
C1377,mestrado,viuvo,1,53
C454,superior,uniao_estavel,1,27
C2075,superior,casado,0,38
C4785,doutorado,uniao_estavel,2,37
C9076,doutorado,casado,1,27
C7079,superior,divorciado,1,45
C4653,superior,uniao_estavel,1,29
C7375,superior,uniao_estavel,1,31
C709,superior,divorciado,1,55
C460,doutorado,casado,0,35
C3726,doutorado,uniao_estavel,1,21
C6798,superior,solteiro,2,41
C1606,superior,uniao_estavel,1,36
C9617,superior,solteiro,0,56
C3233,doutorado,casado,1,42
C2936,mestrado,uniao_estavel,1,25
C9449,doutorado,solteiro,1,49
C7297,superior,solteiro,1,34
C313,superior,viuvo,0,39
C9940,superior,uniao_estavel,1,49
C10735,superior,solteiro,1,36
C9529,superior,casado,0,17
C6439,superior,casado,1,49
C7411,doutorado,casado,2,43
C2176,superior,casado,1,35
C9265,superior,casado,1,54
C8867,doutorado,casado,0,19
C8932,mestrado,uniao_estavel,1,38
C10236,mestrado,solteiro,1,32
C6340,superior,solteiro,1,22
C10089,superior,divorciado,0,33
C10992,superior,uniao_estavel,2,40
C5304,doutorado,solteiro,1,33
C309,doutorado,uniao_estavel,1,46
C3406,superior,solteiro,1,43
C2661,superior,solteiro,2,43
C3153,doutorado,solteiro,3,50
C10264,superior,divorciado,1,28
C1184,doutorado,divorciado,2,39
C4200,mestrado,casado,1,37
C9396,doutorado,casado,1,29
C2387,mestrado,uniao_estavel,2,55
C6690,mestrado,casado,2,41
C1225,superior,casado,0,44
C9703,doutorado,casado,2,37
C291,superior,casado,0,37
C4557,superior,uniao_estavel,1,37
C2379,superior,solteiro,0,54
C5726,mestrado,solteiro,1,24
C3066,doutorado,uniao_estavel,1,32
C6336,superior,casado,2,47
C10967,superior,divorciado,2,44
C2304,doutorado,uniao_estavel,1,44
C3445,superior,solteiro,0,51
C7828,mestrado,uniao_estavel,0,26
C3762,doutorado,solteiro,0,21
C4391,mestrado,divorciado,1,39
C4669,basico,casado,1,26
C10144,superior,uniao_estavel,1,31
C8652,superior,uniao_estavel,0,61
C1672,doutorado,uniao_estavel,1,33
C8962,mestrado,casado,2,32
C9974,superior,casado,1,33
C10983,superior,uniao_estavel,0,55
C8148,mestrado,uniao_estavel,2,51
C10102,superior,viuvo,0,41
C4697,mestrado,divorciado,0,58
C7254,superior,uniao_estavel,1,38
C4543,superior,casado,0,27
C4927,superior,uniao_estavel,2,36
C10451,superior,uniao_estavel,2,42
C2926,mestrado,uniao_estavel,1,55
C9738,mestrado,uniao_estavel,1,21
C7119,superior,solteiro,0,25
C3924,doutorado,divorciado,1,42
C5827,superior,divorciado,2,49
C10812,doutorado,casado,1,29
C1717,superior,solteiro,1,19
C9491,superior,uniao_estavel,1,23
C9274,mestrado,casado,0,46
C6609,superior,viuvo,0,41
C6963,superior,solteiro,0,60
C4440,mestrado,casado,1,43
C1379,mestrado,uniao_estavel,0,15
C10032,superior,divorciado,1,31
C2826,superior,casado,3,40
C6320,mestrado,solteiro,0,31
C3050,superior,casado,2,41
C231,mestrado,uniao_estavel,2,51
C2392,superior,casado,2,35
C9478,superior,solteiro,1,22
C113,superior,casado,2,56
C1802,superior,casado,1,36
C520,superior,casado,1,33
C8275,doutorado,divorciado,2,42
C9750,doutorado,divorciado,1,46
C2607,superior,solteiro,1,54
C7214,superior,casado,0,50
C5835,doutorado,divorciado,1,31
C3896,superior,casado,1,23
C10350,doutorado,casado,3,57
C7786,doutorado,solteiro,1,21
C2861,superior,solteiro,1,24
C663,doutorado,solteiro,0,18
C10675,doutorado,casado,1,51
C2521,mestrado,casado,1,36
C9592,superior,uniao_estavel,1,24
C10151,superior,divorciado,2,47
C7381,superior,divorciado,0,39
C4099,superior,casado,1,35
C9560,superior,uniao_estavel,0,42
C1150,doutorado,uniao_estavel,0,108
C10172,superior,solteiro,0,19
C11191,superior,divorciado,0,21
C9707,doutorado,casado,1,38
C6245,doutorado,uniao_estavel,1,57
C8234,basico,uniao_estavel,1,34
C1411,superior,divorciado,0,55
C8553,superior,casado,2,42
C1826,superior,divorciado,0,37
C8842,superior,viuvo,2,36
C11030,mestrado,casado,1,31
C2579,superior,casado,1,50
C175,superior,casado,1,21
C9185,doutorado,solteiro,0,41
C11056,superior,casado,0,33
C9365,doutorado,solteiro,1,31
C6201,superior,solteiro,2,29
C2061,superior,casado,1,52
C6184,doutorado,casado,0,38
C6142,mestrado,casado,0,64
C4107,doutorado,uniao_estavel,2,59
C7274,superior,casado,0,50
C9336,doutorado,viuvo,1,38
C2958,superior,casado,2,29
C933,doutorado,casado,1,29
C5837,superior,casado,2,40
C10704,superior,solteiro,1,38
C5125,superior,casado,0,47
C4432,superior,divorciado,1,31
C5955,superior,uniao_estavel,0,45
C2928,doutorado,solteiro,1,32
C10313,superior,casado,2,32
C2557,mestrado,solteiro,1,37
C1245,superior,solteiro,1,41
C1519,doutorado,solteiro,2,35
C10703,mestrado,solteiro,2,32
C1726,superior,solteiro,0,37
C4459,superior,solteiro,1,18
C1729,doutorado,uniao_estavel,1,46
C1517,superior,solteiro,1,38
C2098,doutorado,casado,2,38
C9543,superior,casado,1,22
C6878,superior,viuvo,0,53
C2724,mestrado,solteiro,1,26
C948,superior,solteiro,1,36
C6720,mestrado,uniao_estavel,1,39
C6202,superior,uniao_estavel,1,47
C2066,superior,uniao_estavel,1,58
C9799,doutorado,divorciado,2,39
C8318,superior,uniao_estavel,0,28
C5642,mestrado,uniao_estavel,1,28
C2669,superior,solteiro,0,14
C455,doutorado,casado,0,61
C7683,mestrado,casado,1,39
C3428,doutorado,uniao_estavel,0,16
C7414,superior,casado,2,36
C6354,superior,uniao_estavel,1,23
C798,superior,solteiro,1,20
C9999,superior,uniao_estavel,0,42
C7617,superior,solteiro,2,33
C615,superior,uniao_estavel,0,47
C2552,doutorado,solteiro,3,52
C194,superior,casado,2,42
C3645,doutorado,solteiro,1,35
C8890,doutorado,divorciado,2,36
C5049,doutorado,uniao_estavel,1,33
C9973,superior,casado,2,44
C10882,superior,casado,1,31
C7030,doutorado,casado,1,52
C7422,superior,solteiro,1,20
C3523,superior,uniao_estavel,1,45
C7106,doutorado,casado,0,64
C5067,superior,uniao_estavel,0,13
C4216,superior,solteiro,0,26
C8581,mestrado,casado,2,36
C5929,doutorado,casado,1,34
C3129,superior,casado,1,24
C6528,mestrado,uniao_estavel,1,25
C1361,mestrado,casado,0,33
C6932,doutorado,casado,0,66
C7284,superior,casado,3,54
C1340,superior,casado,0,21
C8746,superior,casado,1,18
C3767,superior,casado,1,39
C3725,doutorado,solteiro,0,46
C4324,superior,casado,1,18
C6694,superior,casado,1,43
C498,superior,solteiro,1,37
C9347,mestrado,uniao_estavel,1,51
C9699,superior,divorciado,1,41
C10664,mestrado,viuvo,1,58
C5455,doutorado,casado,1,36
C5012,superior,casado,1,18
C7495,doutorado,casado,1,59
C5029,superior,casado,0,61
C10642,superior,solteiro,1,18
C10364,superior,divorciado,0,48
C5954,mestrado,divorciado,1,35
C1137,superior,solteiro,0,43
C2541,superior,casado,1,31
C1142,doutorado,casado,1,54
C2276,superior,solteiro,1,52
C2807,superior,casado,1,38
C6471,mestrado,solteiro,1,36
C6233,superior,casado,1,31
C4148,superior,casado,3,35
C3225,mestrado,casado,1,23
C7540,superior,casado,1,55
C1992,superior,casado,1,43
C7851,superior,viuvo,0,58
C8594,doutorado,viuvo,1,49
C7059,superior,casado,0,44
C2815,superior,casado,1,32
C2416,doutorado,solteiro,0,38
C7999,doutorado,uniao_estavel,0,52
C9213,superior,viuvo,1,37
C9697,superior,casado,2,56
C3916,doutorado,uniao_estavel,1,36
C2021,superior,casado,1,32
C1581,superior,casado,1,27
C564,doutorado,uniao_estavel,1,26
C6619,superior,casado,2,29
C9081,superior,solteiro,1,19
C178,superior,casado,1,51
C916,doutorado,solteiro,2,35
C5512,mestrado,casado,1,30
C8970,doutorado,casado,1,35
C10581,superior,casado,1,30
C5300,mestrado,casado,1,34
C5154,mestrado,divorciado,1,35
C8346,superior,solteiro,1,33
C1676,superior,casado,1,32
C9286,mestrado,uniao_estavel,0,47
C2426,doutorado,divorciado,0,43
C5172,mestrado,uniao_estavel,1,31
C5562,superior,casado,1,33
C3436,superior,casado,1,38
C3403,doutorado,uniao_estavel,1,49
C22,superior,divorciado,1,31
C10965,superior,uniao_estavel,0,52
C9426,mestrado,solteiro,1,43
C6605,doutorado,divorciado,0,63
C3136,mestrado,divorciado,1,45
C8737,superior,divorciado,1,29
C11088,doutorado,uniao_estavel,1,36
C716,doutorado,uniao_estavel,1,58
C466,superior,casado,0,63
C9135,superior,uniao_estavel,2,57
C10623,mestrado,uniao_estavel,1,46
C8151,basico,casado,0,17
C5140,doutorado,casado,1,22
C10160,mestrado,uniao_estavel,1,51
C4945,superior,viuvo,0,54
C10584,superior,casado,1,31
C6071,superior,solteiro,0,18
C3386,superior,casado,0,15
C8939,superior,divorciado,1,48
C9925,doutorado,uniao_estavel,1,26
C4320,superior,solteiro,1,28
C5389,superior,casado,2,43
C6036,mestrado,uniao_estavel,0,48
C182,doutorado,uniao_estavel,1,61
C203,mestrado,solteiro,0,32
C11025,superior,casado,2,46
C10203,superior,solteiro,1,17
C4607,superior,uniao_estavel,0,48
C3711,mestrado,casado,0,63
C3696,superior,divorciado,2,42
C2532,mestrado,solteiro,0,20
C9214,superior,casado,0,16
C4943,superior,casado,0,54
C35,superior,casado,1,20
C2258,superior,casado,1,21
C4322,doutorado,uniao_estavel,0,49
C713,mestrado,casado,0,30
C4702,superior,solteiro,0,43
C3281,doutorado,casado,2,47
C2004,superior,solteiro,1,38
C4769,mestrado,uniao_estavel,2,30
C4437,superior,casado,2,45
C8724,superior,solteiro,1,25
C10741,mestrado,uniao_estavel,1,56
C1991,superior,uniao_estavel,1,40
C6931,superior,divorciado,0,40
C304,mestrado,solteiro,1,26
C10591,superior,viuvo,1,38
C5036,doutorado,solteiro,1,23
C5547,doutorado,casado,0,25
C7822,superior,uniao_estavel,1,31
C10955,superior,viuvo,0,43
C4368,superior,casado,1,27
C9671,superior,casado,2,39
C2256,mestrado,casado,2,34
C5371,superior,solteiro,1,18
C9240,doutorado,solteiro,1,36
C9460,superior,casado,0,44
C9504,mestrado,casado,0,58
C8692,superior,uniao_estavel,2,55
C448,doutorado,solteiro,1,29
C8314,superior,casado,0,25
C3174,superior,uniao_estavel,1,48
C7685,superior,casado,1,29
C3179,superior,solteiro,0,27
C9780,mestrado,uniao_estavel,1,36
C10232,doutorado,divorciado,1,44
C4184,doutorado,uniao_estavel,1,57
C9120,superior,solteiro,1,45
C891,mestrado,uniao_estavel,2,56
C10381,superior,solteiro,1,28
C3525,superior,uniao_estavel,2,37
C6818,superior,casado,1,33
C3526,doutorado,casado,2,39
C1029,doutorado,uniao_estavel,1,37
C7369,mestrado,casado,1,26
C2574,doutorado,casado,1,30
C8159,superior,casado,2,39
C1160,superior,casado,2,37
C10242,doutorado,uniao_estavel,2,41
C5253,mestrado,uniao_estavel,2,51
C5966,doutorado,casado,2,33
C5314,superior,uniao_estavel,1,56
C5123,mestrado,casado,0,56
C5756,superior,uniao_estavel,1,24
C9058,superior,viuvo,0,52
C5057,mestrado,casado,1,46
C254,superior,uniao_estavel,1,52
C4179,superior,uniao_estavel,0,48
C3710,doutorado,solteiro,1,23
C7627,mestrado,casado,0,32
C4501,mestrado,solteiro,0,42
C6424,superior,uniao_estavel,1,30
C3075,doutorado,casado,0,35
C4992,mestrado,uniao_estavel,1,32
C5252,superior,divorciado,1,38
C7444,mestrado,casado,2,38
C3537,superior,uniao_estavel,1,26
C10277,superior,solteiro,1,46
C2453,superior,uniao_estavel,1,47
C7972,superior,solteiro,0,52
C895,doutorado,casado,2,59
C1177,mestrado,uniao_estavel,2,41
C7141,mestrado,solteiro,1,21
C7232,superior,viuvo,1,34
C8477,superior,divorciado,3,51
C2457,basico,casado,1,32
C988,superior,casado,0,42
C7930,mestrado,solteiro,0,38
C4587,mestrado,viuvo,0,63
C6682,basico,casado,1,34
C6222,superior,casado,3,40
C10299,doutorado,solteiro,0,38
C3083,superior,casado,2,33
C8953,mestrado,solteiro,3,42
C1503,doutorado,uniao_estavel,2,31
C8650,superior,viuvo,2,29
C10862,mestrado,casado,1,47
C2782,doutorado,casado,1,46
C6941,superior,solteiro,0,36
C10972,superior,viuvo,0,58
C3641,superior,casado,1,31
C10156,superior,solteiro,1,32
C4299,superior,uniao_estavel,1,47
C3469,doutorado,divorciado,2,30
C5063,superior,solteiro,1,30
C10727,doutorado,casado,1,37
C9624,doutorado,uniao_estavel,0,49
C8923,superior,solteiro,0,34
C8461,superior,divorciado,3,45
C6945,superior,solteiro,0,55
C944,superior,casado,1,45
C1907,mestrado,divorciado,1,57
C701,superior,casado,1,36
C3856,superior,uniao_estavel,1,47
C4149,doutorado,uniao_estavel,0,59
C2131,doutorado,divorciado,1,48
C2942,superior,solteiro,1,43
C1173,mestrado,uniao_estavel,0,60
C4381,doutorado,casado,2,36
C4611,superior,uniao_estavel,0,37
C3376,mestrado,divorciado,1,37
C4679,mestrado,casado,1,30
C10928,superior,uniao_estavel,1,49
C4248,mestrado,solteiro,0,47
C6728,superior,uniao_estavel,1,22
C6661,superior,casado,1,33
C4725,doutorado,uniao_estavel,1,57
C3277,superior,divorciado,1,52
C5555,superior,divorciado,0,32
C2564,superior,uniao_estavel,1,54
C3867,doutorado,uniao_estavel,1,60
C6940,doutorado,solteiro,3,41
C55,superior,uniao_estavel,1,44
C7093,superior,casado,1,22
C5084,superior,viuvo,1,32
C1777,basico,casado,0,27
C8162,mestrado,uniao_estavel,0,51
C10826,superior,casado,0,48
C8754,doutorado,uniao_estavel,1,33
C1987,basico,solteiro,1,20
C11007,doutorado,casado,1,39
C9153,doutorado,casado,1,43
C10379,mestrado,solteiro,2,45
C9204,superior,viuvo,1,37
C3197,superior,casado,1,27
C2920,doutorado,solteiro,1,32
C6961,superior,casado,2,33
C4673,doutorado,casado,1,44
C9937,superior,solteiro,0,28
C9596,doutorado,solteiro,0,27
C2891,superior,divorciado,1,44
C4910,superior,divorciado,0,40
C10120,superior,uniao_estavel,1,52
C6327,superior,uniao_estavel,0,40
C10142,doutorado,divorciado,1,31
C9826,doutorado,solteiro,0,35
C1501,doutorado,casado,0,25
C10767,doutorado,uniao_estavel,0,18
C7279,doutorado,uniao_estavel,0,38
C7230,doutorado,divorciado,1,47
C143,superior,solteiro,0,37
C450,mestrado,uniao_estavel,1,49
C9316,basico,uniao_estavel,0,55
C6379,mestrado,viuvo,2,58
C9239,mestrado,casado,2,46
C8315,superior,solteiro,0,12
C2868,doutorado,solteiro,2,58
C10888,superior,solteiro,0,46
C1277,superior,uniao_estavel,0,47
C9977,superior,divorciado,1,34
C10196,superior,casado,2,29
C6384,superior,divorciado,1,29
C8029,mestrado,solteiro,0,19
C968,mestrado,divorciado,1,39
C6988,superior,casado,1,21
C4472,doutorado,divorciado,1,37
C6991,superior,divorciado,1,56
C3336,doutorado,uniao_estavel,1,59
C4301,mestrado,casado,1,36
C1940,superior,casado,1,21
C1272,mestrado,solteiro,1,42
C1388,superior,solteiro,1,32
C1044,superior,uniao_estavel,0,54
C6969,superior,uniao_estavel,1,25
C10479,doutorado,casado,0,32
C1715,superior,uniao_estavel,1,29
C10159,superior,divorciado,1,37
C1463,superior,solteiro,2,49
C5114,mestrado,casado,1,42
C4990,superior,casado,0,53
C4329,doutorado,casado,1,23
C10936,superior,casado,0,42
C4692,superior,casado,1,31
C7212,superior,casado,1,41
C6086,superior,casado,0,52
C437,mestrado,divorciado,0,31
C11171,mestrado,casado,3,42
C11101,superior,uniao_estavel,0,16
C5329,doutorado,divorciado,2,58
C610,doutorado,uniao_estavel,2,54
C9384,superior,casado,2,29
C5956,doutorado,divorciado,3,59
C10430,superior,divorciado,2,34
C7875,superior,casado,0,58
C7072,superior,casado,1,34
C6255,mestrado,uniao_estavel,1,55
C6516,basico,casado,1,18
C5564,superior,uniao_estavel,1,38
C5682,doutorado,solteiro,1,54
C7458,mestrado,uniao_estavel,2,51
C5237,doutorado,solteiro,3,57
C5278,superior,casado,0,43
C3560,superior,uniao_estavel,0,55
C10548,superior,solteiro,0,12
C2281,superior,solteiro,1,37
C6974,doutorado,uniao_estavel,0,35
C7938,doutorado,uniao_estavel,1,49
C7094,superior,viuvo,1,32
C3667,superior,casado,0,38
C7723,superior,uniao_estavel,0,28
C4012,doutorado,uniao_estavel,1,35
C5909,superior,casado,1,43
C10470,mestrado,casado,1,28
C6488,doutorado,casado,1,48
C6887,superior,solteiro,2,40
C6406,mestrado,casado,0,19
C7573,doutorado,solteiro,1,29
C4508,superior,solteiro,0,55
C221,superior,casado,1,52
C5331,superior,casado,0,30
C1911,superior,uniao_estavel,0,20
C8786,mestrado,casado,1,51
C10582,superior,casado,1,28
C1915,doutorado,casado,0,56
C8897,superior,solteiro,2,42
C2371,superior,casado,2,35
C4303,doutorado,uniao_estavel,1,50
C6825,superior,uniao_estavel,2,54
C1072,doutorado,solteiro,1,42
C4964,doutorado,uniao_estavel,0,49
C2461,mestrado,solteiro,2,52
C10736,superior,solteiro,1,36
C3194,doutorado,solteiro,0,33
C10839,superior,uniao_estavel,2,31
C49,superior,solteiro,1,37
C4290,superior,casado,1,35
C10219,superior,uniao_estavel,1,35
C4211,basico,casado,1,21
C1135,mestrado,uniao_estavel,2,47
C6299,doutorado,divorciado,1,39
C10846,mestrado,casado,1,29
C347,superior,divorciado,1,31
C6543,mestrado,uniao_estavel,0,62
C10446,doutorado,casado,0,50
C3479,superior,solteiro,0,57
C11075,superior,casado,2,29
C4442,superior,solteiro,1,46
C199,mestrado,solteiro,0,45
C6722,doutorado,casado,1,53
C3749,superior,uniao_estavel,0,34
C8523,superior,casado,1,39
C310,mestrado,casado,1,37
C8629,superior,viuvo,2,51
C236,superior,casado,2,56
C9930,doutorado,solteiro,0,63
C3483,superior,casado,0,49
C4599,mestrado,casado,2,31
C7326,mestrado,casado,1,36
C7352,superior,casado,1,50
C2350,superior,casado,2,35
C9145,superior,solteiro,1,35
C2964,superior,casado,0,26
C5585,superior,solteiro,1,35
C9687,superior,solteiro,0,32
C3732,mestrado,casado,1,52
C6303,doutorado,uniao_estavel,0,21
C11176,doutorado,uniao_estavel,1,37
C2986,superior,casado,2,31
C7462,superior,solteiro,0,53
C3900,superior,casado,1,35
C9493,doutorado,solteiro,0,27
C1143,superior,casado,1,35
C1,superior,solteiro,0,46
C3855,superior,casado,0,44
C5536,superior,uniao_estavel,1,48
C9499,superior,casado,3,53
C6768,superior,divorciado,3,45
C2150,doutorado,viuvo,1,49
C6646,superior,uniao_estavel,1,23
C4887,doutorado,divorciado,2,31
C8560,superior,solteiro,0,15
C3321,doutorado,uniao_estavel,2,40
C10402,superior,casado,2,40
C9904,superior,casado,1,51
C6141,mestrado,solteiro,1,35
C5687,superior,divorciado,0,27
C5121,superior,solteiro,1,30
C4186,superior,uniao_estavel,2,57
C368,superior,casado,1,33
C3312,superior,solteiro,1,19
C11121,superior,casado,1,26
C5848,superior,uniao_estavel,0,37
C5935,mestrado,solteiro,1,51
C2895,superior,solteiro,1,44
C10262,superior,casado,2,27
C7848,superior,solteiro,1,33
C9477,doutorado,casado,1,53
C7186,doutorado,uniao_estavel,2,41
C5794,doutorado,casado,1,33
C1456,superior,solteiro,1,28
C4877,mestrado,casado,1,34
C425,superior,casado,2,22
C3007,superior,uniao_estavel,2,41
C4297,superior,uniao_estavel,1,38
C807,mestrado,uniao_estavel,2,38
C9553,superior,casado,0,20
C2036,doutorado,uniao_estavel,1,34
C115,mestrado,solteiro,1,41
C4259,mestrado,solteiro,2,21
C8687,superior,uniao_estavel,1,29
C2447,superior,uniao_estavel,1,28
C10140,doutorado,uniao_estavel,0,24
C9353,superior,solteiro,1,48
C3623,superior,uniao_estavel,1,31
C7631,mestrado,uniao_estavel,1,29
C4789,superior,uniao_estavel,0,54
C773,mestrado,divorciado,2,36
C10602,superior,casado,1,24
C1446,mestrado,solteiro,0,51
C8443,superior,solteiro,1,35
C9653,superior,casado,1,32
C8916,superior,divorciado,2,32
C5830,doutorado,solteiro,0,35
C4597,doutorado,uniao_estavel,0,37
C7023,doutorado,solteiro,3,54
C8086,superior,casado,2,48
C8825,superior,uniao_estavel,2,45
C2930,mestrado,solteiro,0,29
C1928,superior,casado,1,34
C7108,mestrado,viuvo,2,42
C10925,superior,casado,0,24
C9960,basico,solteiro,1,16
C8800,doutorado,divorciado,0,64
C9224,doutorado,solteiro,1,35
C5519,superior,uniao_estavel,1,51
C5046,superior,divorciado,1,49
C7037,doutorado,casado,1,33
C905,superior,divorciado,1,21
C8624,superior,casado,0,49
C8945,superior,divorciado,1,37
C6445,superior,uniao_estavel,0,40
C2727,superior,uniao_estavel,0,34
C6404,superior,uniao_estavel,3,38
C11074,superior,solteiro,0,30
C10150,superior,solteiro,0,46
C1968,superior,viuvo,1,36
C6534,superior,uniao_estavel,1,33
C9485,doutorado,casado,0,21
C7053,doutorado,solteiro,0,41
C4654,superior,uniao_estavel,0,15
C9760,doutorado,viuvo,1,44
C1048,mestrado,casado,1,35
C10619,superior,solteiro,0,13
C9308,superior,casado,0,53
C10505,mestrado,uniao_estavel,0,47
C8362,doutorado,casado,0,25
C4637,doutorado,solteiro,0,53
C9972,doutorado,uniao_estavel,2,52
C4483,superior,solteiro,0,14
C4487,mestrado,solteiro,1,38
C4988,doutorado,casado,2,59
C8931,superior,uniao_estavel,1,21
C5871,mestrado,uniao_estavel,0,28
C2008,superior,casado,0,29
C10037,superior,solteiro,0,14
C10673,doutorado,casado,1,31
C5303,doutorado,uniao_estavel,0,33
C538,superior,solteiro,1,18
C7922,doutorado,solteiro,1,56
C5692,basico,casado,1,18
C4843,superior,solteiro,0,55
C6383,doutorado,uniao_estavel,1,36
C1628,superior,uniao_estavel,0,36
C1204,doutorado,casado,1,37
C3673,superior,solteiro,1,36
C760,doutorado,divorciado,1,32
C4128,doutorado,uniao_estavel,1,45
C6810,superior,divorciado,0,24
C5386,superior,uniao_estavel,0,54
C8700,basico,solteiro,0,21
C3202,doutorado,casado,0,20
C8405,superior,divorciado,2,28
C6515,superior,uniao_estavel,1,30
C7574,doutorado,uniao_estavel,1,28
C6387,doutorado,uniao_estavel,2,31
C5320,mestrado,divorciado,2,34
C5048,doutorado,solteiro,2,36
C8146,mestrado,uniao_estavel,2,31
C10031,doutorado,casado,2,31
C5748,superior,casado,1,42
C2134,superior,solteiro,1,55
C1523,superior,casado,2,34
C9665,doutorado,divorciado,1,50
C4640,superior,divorciado,1,40
C3635,doutorado,solteiro,1,45
C3547,mestrado,uniao_estavel,1,38
C2456,doutorado,casado,1,32
C5633,superior,casado,2,27
C7801,superior,uniao_estavel,1,48
C10489,superior,casado,0,34
C7011,superior,casado,1,34
C2620,doutorado,casado,1,33
C3933,superior,uniao_estavel,1,27
C10981,superior,casado,0,19
C1734,doutorado,uniao_estavel,3,39
C9209,mestrado,uniao_estavel,0,36
C10286,superior,casado,0,45
C2611,mestrado,uniao_estavel,0,48
C1600,mestrado,casado,3,42
C3308,superior,casado,2,55
C5407,superior,uniao_estavel,1,53
C3955,superior,divorciado,0,42
C6634,mestrado,divorciado,1,28
C3056,superior,divorciado,1,29
C5718,superior,casado,0,57
C6872,doutorado,casado,1,33
C8164,doutorado,casado,0,29
C4580,superior,casado,0,38
C453,doutorado,viuvo,2,51
C8545,superior,divorciado,0,53
C7378,mestrado,uniao_estavel,1,26
C7646,superior,solteiro,1,18
C1640,superior,divorciado,2,53
C5184,superior,solteiro,0,12
C8492,superior,uniao_estavel,0,29
C11188,superior,uniao_estavel,2,50
C1212,superior,casado,1,34
C9097,superior,divorciado,1,51
C10473,doutorado,viuvo,1,51
C7962,doutorado,solteiro,0,20
C5527,superior,uniao_estavel,1,20
C6374,doutorado,casado,1,53
C7453,superior,solteiro,1,53
C8952,mestrado,casado,1,54
C241,superior,uniao_estavel,0,55
C8975,superior,casado,2,39
C6119,doutorado,solteiro,2,44
C5236,superior,uniao_estavel,1,28
C5723,doutorado,uniao_estavel,1,31
C1710,superior,solteiro,1,29
C1970,mestrado,uniao_estavel,1,39
C5313,mestrado,casado,2,36
C10634,mestrado,casado,0,56
C8562,superior,uniao_estavel,0,38
C3158,superior,casado,1,34
C4436,superior,solteiro,0,31
C5287,superior,casado,1,34
C2445,doutorado,uniao_estavel,1,33
C6059,doutorado,uniao_estavel,3,54
C4550,mestrado,uniao_estavel,1,41
C4240,superior,casado,1,29
C8911,doutorado,casado,1,40
C3706,superior,solteiro,1,29
C3628,basico,solteiro,1,20
C10175,doutorado,divorciado,1,49
C5204,superior,uniao_estavel,0,36
C9220,superior,solteiro,0,36
C9888,superior,uniao_estavel,0,38
C1020,superior,casado,0,34
C9503,superior,solteiro,0,27
C10613,doutorado,uniao_estavel,2,49
C67,mestrado,solteiro,2,35
C6019,doutorado,casado,1,36
C5863,superior,casado,1,54
C3717,superior,casado,1,48
C6730,superior,casado,2,53
C10749,superior,solteiro,0,16
C4998,superior,uniao_estavel,0,45
C6287,superior,uniao_estavel,1,21
C5985,mestrado,solteiro,1,42
C4754,mestrado,casado,1,41
C4002,doutorado,casado,1,47
C8870,superior,uniao_estavel,1,23
C966,superior,casado,1,41
C9725,doutorado,uniao_estavel,2,41
C4475,doutorado,casado,0,58
C5731,mestrado,casado,1,24
C7290,superior,solteiro,0,22
C3846,superior,casado,1,33
C8104,doutorado,casado,0,56
C4507,superior,solteiro,0,55
C11013,superior,uniao_estavel,0,20
C4491,mestrado,casado,2,58
C3759,superior,uniao_estavel,2,49
C1162,doutorado,solteiro,0,20
C2055,doutorado,divorciado,2,34
C10766,doutorado,casado,1,43
C4415,superior,casado,2,46
C3005,superior,solteiro,0,15
C4817,superior,divorciado,0,51
C2875,superior,casado,0,29
C10536,doutorado,uniao_estavel,1,36
C11112,superior,uniao_estavel,1,41
C3807,superior,uniao_estavel,1,52
C9197,superior,casado,1,54
C10832,superior,uniao_estavel,0,49
C6421,superior,uniao_estavel,0,46
C4207,doutorado,casado,0,26
C10855,mestrado,solteiro,1,39
C3081,doutorado,casado,1,29
C3535,superior,solteiro,0,42
C247,superior,casado,1,36
C8707,superior,casado,0,51
C9523,superior,uniao_estavel,1,25
C6072,mestrado,solteiro,0,37
C6295,superior,casado,1,30
C10914,superior,solteiro,2,37
C1509,doutorado,uniao_estavel,0,49
C5577,superior,uniao_estavel,1,24
C7348,doutorado,solteiro,0,49
C1127,doutorado,casado,0,34
C1833,doutorado,solteiro,1,33
C4944,superior,uniao_estavel,0,48
C9080,doutorado,solteiro,2,35
C6466,doutorado,casado,2,42
C9964,superior,solteiro,1,28
C4790,superior,divorciado,1,49
C1109,mestrado,uniao_estavel,1,25
C6001,superior,casado,1,28
C5538,superior,divorciado,0,32
C1545,superior,casado,1,21
C7409,superior,uniao_estavel,1,37
C4444,superior,casado,1,35
C146,doutorado,solteiro,0,47
C6271,doutorado,casado,1,55
C246,superior,casado,2,42
C375,superior,divorciado,0,53
C10022,doutorado,solteiro,2,34
C7451,mestrado,solteiro,0,47
C11010,doutorado,solteiro,1,23
C4356,superior,uniao_estavel,1,36
C3885,doutorado,casado,1,24
C1175,mestrado,casado,0,24
C880,basico,uniao_estavel,0,41
C850,superior,solteiro,1,39
C4713,doutorado,casado,1,28
C675,mestrado,divorciado,2,34
C5025,superior,solteiro,1,28
C2308,superior,casado,1,53
C5995,superior,divorciado,2,45
C6749,superior,solteiro,2,41
C1010,superior,uniao_estavel,3,30
C8977,basico,solteiro,0,22
C3412,mestrado,casado,1,56
C606,superior,solteiro,2,40
C5961,superior,casado,1,29
C2975,superior,uniao_estavel,1,31
C2894,superior,solteiro,0,22
C10542,doutorado,casado,2,39
C8015,doutorado,divorciado,0,45
C10617,mestrado,divorciado,0,18
C11166,superior,casado,1,46
C849,mestrado,uniao_estavel,1,54
C523,superior,casado,1,18
C8414,doutorado,solteiro,1,45
C819,superior,viuvo,0,62
C4961,mestrado,uniao_estavel,1,33
C749,superior,uniao_estavel,1,26
C5430,superior,uniao_estavel,2,51
C7755,doutorado,casado,1,53
C10525,superior,solteiro,1,21
C1453,doutorado,viuvo,0,64
C8310,superior,uniao_estavel,1,43
C10710,superior,casado,1,28
C5031,superior,uniao_estavel,0,33
C2613,mestrado,casado,1,47
C213,doutorado,solteiro,2,44
C967,superior,casado,2,31
C1077,superior,uniao_estavel,0,33
C7959,superior,casado,0,46
C640,superior,casado,1,56
C4252,superior,casado,1,42
C8432,superior,uniao_estavel,2,51
C6218,superior,casado,1,42
C6905,superior,uniao_estavel,0,13
C5922,doutorado,casado,1,33
C3598,superior,casado,1,35
C6263,superior,uniao_estavel,3,39
C10486,superior,casado,0,59
C2410,superior,solteiro,0,38
C193,basico,casado,0,11
C8278,doutorado,casado,0,17
C10660,mestrado,casado,2,50
C8686,basico,uniao_estavel,1,28
C1604,mestrado,casado,1,47
C5907,mestrado,casado,2,55
C10669,superior,casado,1,26
C2918,superior,divorciado,2,26
C5735,mestrado,solteiro,0,16
C359,superior,uniao_estavel,1,57
C8387,superior,casado,1,50
C1829,doutorado,divorciado,1,46
C3839,basico,solteiro,2,49
C9392,superior,solteiro,1,36
C2292,superior,solteiro,1,22
C10466,superior,casado,2,42
C9855,doutorado,solteiro,1,55
C4088,doutorado,uniao_estavel,1,45
C590,mestrado,divorciado,0,37
C8732,mestrado,viuvo,1,38
C2315,superior,divorciado,1,47
C3515,superior,solteiro,1,55
C2245,mestrado,casado,2,38
C6283,mestrado,divorciado,1,39
C6606,mestrado,casado,1,38
C5545,doutorado,casado,0,35
C837,superior,casado,2,30
C9500,superior,casado,1,48
C3602,mestrado,casado,1,49
C234,superior,divorciado,1,28
C2995,mestrado,uniao_estavel,0,50
C1118,mestrado,casado,1,51
C7789,doutorado,casado,0,42
C3068,superior,casado,0,17
C8955,doutorado,uniao_estavel,2,50
C945,superior,uniao_estavel,1,42
C5644,superior,uniao_estavel,1,50
C7192,superior,uniao_estavel,1,52
C2324,superior,uniao_estavel,1,35
C697,superior,uniao_estavel,0,38
C3439,superior,casado,2,35
C1506,superior,solteiro,2,32
C232,superior,solteiro,1,42
C8876,doutorado,uniao_estavel,2,44
C4500,doutorado,uniao_estavel,0,16
C9739,superior,solteiro,1,44
C10395,basico,solteiro,1,21
C1176,superior,casado,1,34
C938,superior,casado,2,26
C2740,doutorado,viuvo,2,49
C257,doutorado,casado,1,48
C4058,doutorado,solteiro,0,52
C7736,superior,casado,1,21
C8210,mestrado,casado,1,32
C833,mestrado,casado,2,52
C6230,superior,divorciado,2,36
C7325,doutorado,uniao_estavel,1,21
C1307,superior,divorciado,1,29
C1502,superior,uniao_estavel,1,24
C6211,doutorado,uniao_estavel,1,31
C843,superior,casado,1,36
C4174,mestrado,uniao_estavel,1,51
C9757,superior,uniao_estavel,0,35
C6918,superior,casado,1,18
C286,superior,solteiro,2,55
C11086,basico,solteiro,1,23
C1921,doutorado,casado,3,40
C4138,superior,solteiro,1,45
C7718,mestrado,uniao_estavel,0,60
C1291,doutorado,uniao_estavel,1,29
C6862,superior,divorciado,0,36
C4136,basico,solteiro,1,15
C803,superior,uniao_estavel,2,39
C4298,doutorado,uniao_estavel,1,34
C10833,superior,casado,1,32
C9606,doutorado,casado,0,42
C8534,superior,casado,2,55
C5153,doutorado,casado,1,40
C961,superior,casado,1,35
C5011,superior,divorciado,1,44
C6653,doutorado,casado,2,37
C810,superior,casado,1,32
C5493,superior,casado,2,31
C2147,superior,uniao_estavel,0,38
C5107,doutorado,divorciado,2,34
C3979,doutorado,divorciado,0,24
C6049,mestrado,uniao_estavel,0,25
C8147,superior,casado,2,47
C1857,superior,solteiro,2,55
C3910,superior,divorciado,0,32
C5207,doutorado,casado,2,44
C11114,superior,uniao_estavel,1,37
C5429,doutorado,casado,1,59
C1740,superior,casado,0,63
C7488,mestrado,solteiro,1,44
C195,superior,solteiro,1,35
C635,mestrado,casado,2,41
C7527,mestrado,divorciado,1,39
C10319,superior,casado,1,36
C2296,mestrado,casado,1,32
C10637,superior,casado,3,43
C2931,superior,divorciado,0,29
C907,superior,casado,1,32
C3698,superior,uniao_estavel,0,24
C679,doutorado,casado,2,50
C7384,mestrado,uniao_estavel,0,56
C5043,basico,casado,0,56
C5267,superior,divorciado,1,37
C339,doutorado,casado,1,35
C9010,mestrado,casado,0,35
C378,superior,casado,0,36
C4808,superior,casado,0,51
C5068,superior,solteiro,1,36
C7128,doutorado,solteiro,2,30
C2811,doutorado,solteiro,2,44
C3551,mestrado,uniao_estavel,1,53
C1663,doutorado,uniao_estavel,1,29
C5543,superior,uniao_estavel,1,41
C1577,superior,casado,0,61
C10641,superior,solteiro,2,29
C5336,mestrado,uniao_estavel,1,36
C6024,superior,uniao_estavel,0,54
C3099,superior,divorciado,2,37
C6055,superior,casado,0,28
C5841,superior,uniao_estavel,1,41
C3972,superior,uniao_estavel,2,31
C4394,doutorado,casado,0,42
C5758,superior,casado,0,25
C6658,superior,uniao_estavel,1,35
C4603,doutorado,casado,1,47
C8427,mestrado,solteiro,0,51
C10260,mestrado,uniao_estavel,1,42
C6197,doutorado,solteiro,2,45
C4554,superior,uniao_estavel,1,42
C1920,superior,casado,2,35
C8749,superior,uniao_estavel,1,23
C1650,mestrado,casado,0,47
C10377,mestrado,uniao_estavel,1,49
C9206,superior,uniao_estavel,1,39
C10971,superior,solteiro,2,30
C6398,basico,casado,1,33
C9212,mestrado,casado,1,45
C7937,superior,casado,0,25
C839,doutorado,casado,1,32
C4246,mestrado,solteiro,0,25
C158,doutorado,uniao_estavel,0,62
C4832,superior,casado,1,28
C5621,superior,casado,2,38
C1945,superior,casado,1,45
C5147,superior,solteiro,0,59
C2535,mestrado,casado,1,29
C11039,superior,casado,1,32
C9495,superior,uniao_estavel,0,25
C9635,mestrado,casado,0,24
C2173,superior,viuvo,1,55
C942,superior,solteiro,1,25
C9386,superior,uniao_estavel,1,45
C5510,mestrado,casado,1,30
C873,mestrado,casado,2,58
C2253,superior,casado,0,17
C5181,basico,solteiro,1,25
C979,superior,solteiro,1,32
C4698,doutorado,casado,0,24
C7793,superior,uniao_estavel,1,31
C1745,doutorado,divorciado,0,45
C10590,doutorado,uniao_estavel,0,51
C5080,superior,solteiro,0,14
C8369,superior,uniao_estavel,1,20
C5232,superior,casado,1,42
C2407,superior,casado,0,25
C3834,superior,solteiro,1,45
C7912,superior,casado,1,29
C7712,doutorado,solteiro,0,61
C1065,superior,solteiro,0,44
C7275,mestrado,solteiro,2,36
C1343,superior,uniao_estavel,2,39
C1384,basico,casado,1,15
C9967,superior,divorciado,2,33
C2674,mestrado,solteiro,1,49
C2698,superior,solteiro,1,31
C3231,superior,casado,1,34
C4096,mestrado,divorciado,1,39
C10476,superior,casado,1,49
C5948,superior,solteiro,1,32
C10258,mestrado,solteiro,3,42
C5675,doutorado,divorciado,1,47
C4743,doutorado,casado,1,38
C8805,superior,solteiro,1,47
C1542,superior,solteiro,3,32
C6770,superior,casado,1,22
C8773,mestrado,uniao_estavel,1,36
C10420,mestrado,divorciado,1,52
C793,superior,casado,1,34
C10909,superior,casado,0,59
C4791,superior,uniao_estavel,2,27
C2963,superior,uniao_estavel,0,28
C8216,mestrado,casado,2,35
C8140,superior,uniao_estavel,1,34
C10146,doutorado,uniao_estavel,1,35
C2587,doutorado,casado,1,35
C4405,mestrado,casado,2,51
C8663,superior,divorciado,2,33
C2589,superior,divorciado,1,35
C3421,mestrado,divorciado,1,39
C10490,doutorado,casado,2,38
C4094,superior,casado,2,46
C9958,superior,casado,1,35
C2534,superior,casado,1,54
C4188,superior,solteiro,1,50
C6613,mestrado,casado,1,37
C10827,doutorado,casado,2,40
C5491,mestrado,uniao_estavel,1,56
C8402,mestrado,casado,1,54
C8783,superior,casado,1,57
C10010,doutorado,divorciado,2,54
C618,doutorado,casado,1,30
C9121,superior,casado,1,35
C361,mestrado,casado,2,38
C4310,superior,casado,0,63
C2678,superior,solteiro,1,17
C6376,superior,solteiro,1,28
C524,basico,uniao_estavel,0,41
C10341,superior,uniao_estavel,0,59
C5654,superior,casado,3,35
C4098,superior,casado,2,34
C5824,doutorado,uniao_estavel,3,35
C2561,superior,solteiro,1,41
C5229,doutorado,uniao_estavel,1,38
C4086,superior,casado,0,48
C2428,superior,casado,1,37
C8254,doutorado,casado,1,33
C2836,doutorado,casado,1,35
C1362,superior,solteiro,0,35
C7152,mestrado,casado,1,24
C9349,superior,casado,0,22
C274,superior,solteiro,2,34
C3388,superior,divorciado,2,40
C8588,superior,casado,2,46
C574,superior,casado,0,43
C3220,superior,casado,1,24
C5967,superior,uniao_estavel,2,55
C1183,mestrado,casado,2,58
C6856,superior,uniao_estavel,1,28
C4530,mestrado,viuvo,0,59
C1553,superior,uniao_estavel,0,61
C4682,superior,casado,0,49
C5221,superior,casado,1,50
C1232,doutorado,uniao_estavel,0,25
C5788,superior,uniao_estavel,1,35
C6652,superior,casado,0,42
C6246,superior,solteiro,0,54
C5975,doutorado,solteiro,1,40
C6875,doutorado,uniao_estavel,0,42
C4399,superior,uniao_estavel,0,38
C4042,superior,divorciado,1,36
C2157,superior,uniao_estavel,2,35
C10133,superior,solteiro,0,37
C2525,doutorado,casado,0,33
C8233,mestrado,viuvo,1,57
C9483,superior,uniao_estavel,1,48
C2945,doutorado,uniao_estavel,2,52
C10403,superior,uniao_estavel,1,29
C5074,mestrado,casado,1,21
C10524,mestrado,divorciado,1,44
C4690,superior,casado,1,54
C7521,superior,uniao_estavel,0,55
C7196,doutorado,casado,2,57
C4406,superior,uniao_estavel,1,37
C4864,superior,casado,1,30
C4706,superior,solteiro,1,41
C4070,doutorado,casado,2,38
C25,superior,casado,1,49
C3697,superior,uniao_estavel,1,53
C217,mestrado,solteiro,0,51
C4220,doutorado,casado,1,37
C5286,mestrado,solteiro,0,20
C9559,doutorado,casado,1,46
C2849,superior,solteiro,1,28
C7787,superior,uniao_estavel,1,47
C5868,superior,casado,1,27
C9988,mestrado,solteiro,1,31
C2939,mestrado,uniao_estavel,0,37
C5529,doutorado,uniao_estavel,3,61
C9743,superior,casado,1,52
C5763,mestrado,uniao_estavel,1,35
C3478,doutorado,casado,2,36
C7494,doutorado,divorciado,2,57
C1763,superior,uniao_estavel,0,19
C7250,superior,uniao_estavel,1,29
C2005,superior,casado,1,17
C10770,superior,casado,0,48
C6885,superior,divorciado,1,30
C2072,doutorado,uniao_estavel,1,38
C9463,superior,uniao_estavel,1,48
C6318,superior,casado,0,19
C4093,mestrado,uniao_estavel,2,32
C3340,superior,casado,1,30
C3594,mestrado,casado,2,34
C3584,doutorado,solteiro,0,52
C3643,mestrado,casado,0,33
C851,mestrado,casado,2,35
C3967,doutorado,casado,0,36
C10128,superior,uniao_estavel,1,49
C486,superior,casado,0,19
C9,mestrado,solteiro,2,32
C9451,superior,casado,1,42
C9264,superior,casado,0,21
C2853,superior,solteiro,1,27
C1490,superior,casado,1,45
C6310,superior,casado,1,29
C10380,mestrado,casado,1,35
C3887,superior,solteiro,1,37
C4278,doutorado,solteiro,0,24
C8643,superior,uniao_estavel,0,36
C1998,superior,solteiro,1,31
C10795,doutorado,casado,1,34
C11110,superior,solteiro,1,34
C2408,superior,casado,2,31
C202,doutorado,viuvo,0,59
C7998,superior,uniao_estavel,2,49
C830,doutorado,solteiro,0,20
C3536,superior,uniao_estavel,1,47
C3463,doutorado,casado,1,32
C2804,mestrado,solteiro,2,32
C451,superior,solteiro,1,18
C10530,doutorado,viuvo,0,48
C1079,doutorado,casado,1,36
C8920,mestrado,solteiro,1,40
C6678,superior,uniao_estavel,1,18
C3852,mestrado,uniao_estavel,2,46
C528,superior,casado,0,29
C73,doutorado,solteiro,3,54
C5589,superior,divorciado,1,43
C10212,mestrado,uniao_estavel,1,21
C5636,superior,solteiro,0,44
C591,superior,viuvo,1,50
C2544,mestrado,divorciado,1,56
C8091,superior,casado,1,51
C7321,superior,uniao_estavel,0,45
C5462,superior,casado,1,33
C7791,mestrado,casado,2,40
C955,mestrado,uniao_estavel,2,45
C4037,superior,divorciado,1,31
C6642,superior,divorciado,3,46
C2793,doutorado,divorciado,1,31
C5424,superior,casado,1,24
C879,mestrado,casado,2,31
C9530,superior,casado,1,19
C4828,superior,divorciado,1,53
C10699,superior,casado,1,22
C1497,superior,solteiro,1,55
C7476,mestrado,solteiro,1,43
C4390,superior,uniao_estavel,1,53
C10478,doutorado,casado,2,57
C1081,doutorado,casado,3,50
C4261,doutorado,solteiro,0,61
C9916,superior,casado,2,53
C5350,mestrado,solteiro,0,16
C8135,mestrado,casado,1,21
C8685,superior,casado,1,30
C4967,doutorado,uniao_estavel,1,47
C2130,superior,uniao_estavel,2,25
C9298,doutorado,uniao_estavel,0,60
C8175,superior,casado,0,15
C6257,mestrado,solteiro,1,31
C3790,superior,uniao_estavel,3,51
C9952,mestrado,uniao_estavel,0,60
C3503,superior,divorciado,0,57
C5223,mestrado,uniao_estavel,1,41
C4608,superior,divorciado,0,20
C1626,doutorado,divorciado,2,34
C4764,mestrado,uniao_estavel,2,55
C2471,superior,casado,0,42
C5892,superior,casado,1,27
C2612,superior,casado,0,20
C4971,doutorado,uniao_estavel,1,45
C5185,superior,casado,0,52
C10069,basico,uniao_estavel,1,19
C2262,mestrado,uniao_estavel,1,42
C1131,doutorado,solteiro,1,40
C1041,doutorado,solteiro,1,34
C24,mestrado,uniao_estavel,2,47
C3409,superior,solteiro,1,23
C7022,superior,casado,1,36
C7943,doutorado,casado,1,32
C5272,mestrado,casado,1,42
C5453,mestrado,casado,0,51
C2565,mestrado,divorciado,0,52
C800,superior,uniao_estavel,2,47
C11092,superior,casado,2,46
C5062,doutorado,casado,2,44
C8969,superior,casado,1,30
C4480,mestrado,casado,1,34
C9971,doutorado,casado,1,43
C6729,superior,solteiro,0,19
C9242,superior,solteiro,0,17
C1764,superior,solteiro,1,32
C6215,superior,casado,2,30
C10099,superior,casado,1,23
C5423,superior,uniao_estavel,1,24
C940,superior,solteiro,1,20
C3011,superior,casado,1,42
C3298,mestrado,casado,1,51
C8286,doutorado,uniao_estavel,1,42
C9668,superior,casado,1,36
C6097,superior,solteiro,2,48
C7019,superior,uniao_estavel,2,44
C7408,doutorado,casado,1,55
C8041,doutorado,viuvo,1,36
C252,doutorado,divorciado,0,44
C9986,superior,uniao_estavel,1,25
C3859,doutorado,uniao_estavel,1,60
C3570,doutorado,uniao_estavel,1,38
C3783,doutorado,casado,2,48
C10207,superior,uniao_estavel,1,29
C10906,doutorado,uniao_estavel,2,59
C3427,doutorado,casado,1,52
C5209,superior,divorciado,1,53
C10711,superior,casado,0,62
C10785,superior,casado,2,38
C2814,mestrado,uniao_estavel,1,31
C6866,mestrado,uniao_estavel,2,38
C1665,doutorado,divorciado,2,43
C6575,superior,uniao_estavel,2,26
C3829,basico,uniao_estavel,1,28
C10141,mestrado,divorciado,0,47
C5177,mestrado,casado,1,33
C7005,superior,solteiro,0,26
C6409,superior,divorciado,0,40
C7485,doutorado,viuvo,2,57
C8079,superior,casado,1,25
C8395,superior,solteiro,0,46
C10352,superior,viuvo,2,44
C4931,superior,uniao_estavel,0,30
C13,doutorado,viuvo,1,60
C1834,mestrado,solteiro,1,29
C2285,mestrado,uniao_estavel,1,53
C2295,doutorado,casado,1,53
C2781,superior,solteiro,0,26
C1165,doutorado,solteiro,2,49
C1404,superior,uniao_estavel,2,39
C6457,superior,divorciado,1,31
C2639,superior,solteiro,2,41
C8299,doutorado,solteiro,0,18
C6912,doutorado,casado,2,40
C7327,doutorado,casado,2,48
C5299,doutorado,casado,1,37
C4127,doutorado,casado,1,40
C8143,doutorado,solteiro,0,22
C1964,superior,uniao_estavel,0,56
C3690,mestrado,casado,0,21
C3389,superior,casado,1,37
C1170,superior,casado,1,32
C6347,basico,solteiro,1,28
C4065,doutorado,casado,1,31
C8230,superior,casado,1,27
C1215,superior,uniao_estavel,0,29
C5939,superior,uniao_estavel,2,36
C2156,doutorado,casado,2,52
C7788,doutorado,casado,1,24
C10323,superior,casado,1,55
C7947,superior,casado,2,38
C1891,mestrado,divorciado,0,27
C2570,superior,uniao_estavel,1,39
C9256,superior,solteiro,1,36
C295,superior,solteiro,0,18
C7397,superior,solteiro,1,56
C6349,mestrado,divorciado,0,20
C10790,doutorado,casado,1,22
C2431,superior,casado,0,17
C550,superior,divorciado,1,55
C10742,doutorado,casado,0,24
C10356,doutorado,divorciado,2,50
C4676,mestrado,viuvo,2,56
C8852,superior,casado,1,31
C3565,mestrado,casado,2,52
C5294,superior,solteiro,1,18
C1958,doutorado,uniao_estavel,1,34
C7349,basico,uniao_estavel,1,34
C8799,doutorado,casado,1,23
C1351,mestrado,uniao_estavel,1,51
C1045,superior,uniao_estavel,1,42
C7732,superior,casado,1,29
C8070,doutorado,casado,1,34
C477,superior,casado,0,21
C7832,mestrado,casado,1,48
C2202,superior,uniao_estavel,1,29
C7396,superior,casado,0,41
C4055,basico,solteiro,1,15
C10340,superior,uniao_estavel,1,23
C10091,superior,solteiro,1,51
C7629,superior,casado,2,30
C10640,superior,uniao_estavel,2,33
C3498,doutorado,casado,1,31
C6742,superior,casado,1,28
C1172,doutorado,casado,0,24
C569,superior,solteiro,0,16
C4686,doutorado,viuvo,0,45
C1381,doutorado,solteiro,1,25
C2634,mestrado,solteiro,1,28
C10905,superior,uniao_estavel,2,52
C1744,basico,solteiro,1,42
C1000,mestrado,uniao_estavel,2,46
C3828,superior,casado,1,56
C8605,doutorado,uniao_estavel,2,43
C10304,superior,casado,0,48
C4351,superior,divorciado,2,52
C10129,superior,uniao_estavel,0,41
C10092,superior,divorciado,1,53
C7500,superior,solteiro,2,40
C5796,superior,casado,0,44
C10556,superior,casado,1,48
C1064,doutorado,casado,1,36
C48,superior,uniao_estavel,1,43
C7610,superior,uniao_estavel,1,24
C263,doutorado,solteiro,0,62
C10814,superior,uniao_estavel,0,60
C9710,doutorado,divorciado,1,38
C9292,superior,casado,0,55
C10250,basico,uniao_estavel,0,60
C7881,mestrado,casado,0,61
C5847,superior,divorciado,1,38
C737,doutorado,casado,0,58
C3571,doutorado,uniao_estavel,1,46
C7807,superior,casado,1,33
C5092,doutorado,viuvo,1,58
C2154,superior,viuvo,2,36
C5394,basico,solteiro,2,28
C3798,superior,casado,2,39
C3524,mestrado,solteiro,1,36
C5247,doutorado,casado,2,52
C5883,superior,casado,1,35
C6616,superior,uniao_estavel,1,32
C2797,superior,casado,1,30
C9167,superior,casado,1,51
C10560,doutorado,solteiro,1,27
C2631,superior,uniao_estavel,0,25
C8312,basico,casado,0,46
C5534,mestrado,casado,1,32
C5093,doutorado,divorciado,1,33
C7592,doutorado,casado,0,61
C8895,superior,solteiro,0,22
C8584,doutorado,uniao_estavel,0,55
C2694,superior,casado,1,40
C8910,superior,uniao_estavel,2,52
C7433,superior,solteiro,1,22
C164,doutorado,casado,0,30
C10477,doutorado,uniao_estavel,1,34
C5150,basico,solteiro,1,28
C5283,doutorado,solteiro,2,31
C9645,superior,casado,0,39
C10678,superior,uniao_estavel,1,48
C7261,superior,uniao_estavel,2,36
C9648,superior,solteiro,2,40
C2870,superior,casado,1,34
C8008,superior,uniao_estavel,1,24
C6173,superior,uniao_estavel,1,28
C1419,superior,uniao_estavel,2,57
C9150,doutorado,solteiro,2,44
C1250,superior,solteiro,1,31
C9905,superior,uniao_estavel,2,55
C10691,mestrado,casado,2,47
C7002,superior,solteiro,1,52
C2952,mestrado,solteiro,1,30
C8439,superior,uniao_estavel,2,43
C2831,superior,uniao_estavel,1,31
C6977,superior,uniao_estavel,1,33
C6289,mestrado,uniao_estavel,2,56
C4168,superior,solteiro,2,41
C8397,superior,casado,2,56
C9284,superior,uniao_estavel,1,49
C6237,doutorado,solteiro,2,41
C3130,superior,solteiro,2,43
C1619,superior,casado,0,51
C1990,doutorado,solteiro,0,33
C5513,superior,uniao_estavel,2,41
C269,doutorado,solteiro,1,44
C8093,mestrado,casado,0,38
C10513,superior,uniao_estavel,0,15
C10177,superior,divorciado,1,53
C2549,doutorado,uniao_estavel,1,24
C10057,superior,solteiro,0,56
C10307,superior,casado,2,51
C8566,doutorado,uniao_estavel,2,46
C2415,superior,uniao_estavel,1,45
C5684,mestrado,divorciado,2,36
C8334,mestrado,solteiro,2,36
C9166,superior,casado,1,39
C78,superior,casado,1,38
C5441,doutorado,viuvo,1,42
C5302,superior,uniao_estavel,0,21
C4687,mestrado,casado,0,49
C1087,mestrado,uniao_estavel,1,32
C6859,superior,solteiro,1,20
C9860,superior,uniao_estavel,1,48
C7129,doutorado,casado,1,45
C5866,superior,uniao_estavel,1,33
C10521,superior,casado,2,30
C7393,superior,uniao_estavel,2,29
C7849,doutorado,casado,0,37
C332,superior,casado,1,50
C531,doutorado,divorciado,1,53
C9576,doutorado,uniao_estavel,1,25
C6906,mestrado,viuvo,0,54
C7419,mestrado,divorciado,1,39
C3170,mestrado,uniao_estavel,0,50
C8527,mestrado,uniao_estavel,2,42
C7872,doutorado,casado,0,32
C9931,doutorado,casado,2,44
C10595,superior,casado,0,17
C4609,doutorado,casado,1,41
C5010,superior,solteiro,1,19
C11148,superior,uniao_estavel,1,32
C1168,doutorado,casado,0,29
C9595,superior,uniao_estavel,0,46
C10163,doutorado,solteiro,0,23
C2886,mestrado,divorciado,1,36
C6710,mestrado,solteiro,3,56
C5316,mestrado,uniao_estavel,0,31
C9029,doutorado,casado,0,35
C521,superior,uniao_estavel,1,22
C1459,doutorado,casado,1,41
C1630,superior,solteiro,1,28
C3254,superior,casado,1,36
C9064,superior,casado,0,25
C3678,superior,viuvo,2,34
C4227,mestrado,uniao_estavel,2,39
C9467,superior,solteiro,1,23
C8486,mestrado,uniao_estavel,1,36
C3286,doutorado,divorciado,1,40
C8602,superior,divorciado,1,43
C3722,superior,solteiro,2,35
C6715,doutorado,solteiro,1,59
C4796,superior,divorciado,1,55
C3766,mestrado,viuvo,0,48
C1399,superior,casado,0,49
C1570,doutorado,uniao_estavel,1,56
C3426,superior,divorciado,1,32
C3074,doutorado,casado,0,23
C8341,doutorado,casado,1,38
C5180,doutorado,divorciado,1,39
C6461,mestrado,solteiro,1,38
C7679,doutorado,solteiro,0,22
C10702,superior,solteiro,1,23
C7505,doutorado,casado,2,50
C5113,doutorado,divorciado,0,36
C10858,superior,uniao_estavel,2,32
C2961,superior,casado,1,25
C2747,doutorado,casado,0,19
C3010,mestrado,uniao_estavel,0,18
C5790,superior,casado,1,22
C6892,superior,divorciado,1,39
C1743,superior,solteiro,0,33
C3578,superior,divorciado,1,58
C8462,basico,uniao_estavel,1,29
C5558,doutorado,solteiro,0,53
C4619,doutorado,solteiro,0,62
C8780,doutorado,uniao_estavel,1,57
C10789,doutorado,casado,2,43
C10779,superior,solteiro,0,24
C5896,mestrado,casado,0,20
C2337,superior,divorciado,1,36
C10951,superior,casado,1,39
C544,superior,casado,0,53
C17,doutorado,casado,1,36
C10680,superior,uniao_estavel,1,21
C3265,superior,casado,0,48
C5623,mestrado,casado,1,27
C5544,superior,solteiro,1,37
C6417,mestrado,uniao_estavel,0,36
C5831,superior,casado,1,40
C7101,doutorado,viuvo,1,44
C10176,superior,solteiro,1,39
C2326,superior,casado,0,17
C4385,doutorado,solteiro,1,26
C2929,superior,solteiro,0,31
C10686,doutorado,uniao_estavel,2,42
C3138,superior,solteiro,0,51
C4994,mestrado,solteiro,0,64
C7966,superior,solteiro,2,48
C3112,mestrado,casado,1,30
C10872,doutorado,casado,1,38
C2181,superior,casado,0,37
C1867,superior,solteiro,0,50
C1518,mestrado,casado,2,42
C5734,doutorado,casado,2,33
C2878,doutorado,casado,1,60
C1458,mestrado,casado,1,25
C7007,mestrado,casado,2,39
C6200,superior,casado,1,56
C4827,doutorado,solteiro,1,51
C6250,doutorado,viuvo,1,58
C9291,mestrado,casado,1,48
C2478,superior,casado,1,34
C1139,doutorado,casado,0,23
C5138,superior,uniao_estavel,1,57
C5393,superior,solteiro,1,30
C10413,superior,casado,0,23
C5015,mestrado,casado,1,31
C10868,superior,viuvo,0,56
C10676,superior,casado,0,25
C2495,mestrado,casado,1,33
C7842,superior,solteiro,2,39
C9955,superior,uniao_estavel,1,53
C6663,doutorado,solteiro,0,67
C2162,superior,casado,1,31
C3434,superior,solteiro,0,56
C7919,doutorado,uniao_estavel,0,31
C5626,doutorado,solteiro,0,43
C6428,doutorado,viuvo,0,57
C8514,superior,uniao_estavel,1,31
C10448,superior,solteiro,1,51
C2109,superior,solteiro,0,17
C7530,doutorado,viuvo,2,57
C8925,mestrado,casado,1,42
C3009,doutorado,viuvo,0,45
C6355,superior,casado,2,29
C3517,superior,solteiro,2,55
C1158,superior,divorciado,1,41
C6203,superior,uniao_estavel,0,60
C7165,superior,uniao_estavel,1,35
C3595,superior,uniao_estavel,1,44
C8537,superior,viuvo,0,58
C4331,mestrado,uniao_estavel,0,29
C6281,superior,divorciado,1,41
C4338,superior,solteiro,1,24
C2452,superior,uniao_estavel,2,36
C9507,superior,casado,1,32
C10311,superior,casado,1,38
C4867,doutorado,solteiro,2,39
C9289,superior,casado,1,28
C10913,mestrado,solteiro,1,23
C3032,superior,casado,1,23
C8524,doutorado,divorciado,1,33
C3334,superior,casado,0,56
C4470,mestrado,casado,1,45
C1406,superior,solteiro,2,32
C8619,superior,uniao_estavel,1,50
C10821,superior,casado,2,29
C4552,superior,casado,0,16
C898,superior,casado,1,21
C9797,superior,casado,1,51
C10949,doutorado,divorciado,0,44
C8212,mestrado,casado,1,36
C6248,mestrado,solteiro,0,60
C10164,superior,solteiro,1,49
C4547,superior,uniao_estavel,2,47
C4122,superior,casado,0,32
C10841,doutorado,uniao_estavel,1,32
C5370,doutorado,casado,1,34
C4860,superior,solteiro,1,37
C10757,doutorado,divorciado,1,40
C4023,superior,casado,1,37
C6679,superior,solteiro,0,41
C9923,mestrado,solteiro,2,35
C7181,superior,casado,1,30
C3599,superior,casado,1,37
C405,superior,divorciado,1,43
C6870,doutorado,divorciado,1,48
C832,doutorado,uniao_estavel,1,41
C2002,superior,divorciado,0,49
C3657,superior,solteiro,1,21
C500,superior,uniao_estavel,0,30
C1951,basico,casado,0,26
C3262,superior,solteiro,0,49
C7042,superior,casado,0,24
C10598,superior,uniao_estavel,2,40
C255,superior,divorciado,2,56
C2375,superior,uniao_estavel,3,35
C9829,superior,uniao_estavel,1,29
C6214,mestrado,casado,1,25
C4954,superior,casado,2,51
C7861,mestrado,casado,1,55
C4837,doutorado,casado,1,42
C9423,mestrado,casado,1,28
C4198,superior,uniao_estavel,2,42
C153,superior,divorciado,0,54
C9323,mestrado,uniao_estavel,1,58
C3945,doutorado,viuvo,1,60
C3799,superior,casado,1,52
C8625,superior,casado,1,31
C3491,superior,uniao_estavel,1,32
C983,superior,casado,1,23
C9119,superior,uniao_estavel,1,57
C4786,superior,casado,2,30
C5872,superior,solteiro,1,56
C6568,superior,casado,1,23
C5628,superior,uniao_estavel,0,25
C5631,superior,solteiro,0,16
C4974,superior,solteiro,3,37
C8416,superior,casado,1,26
C5454,mestrado,casado,1,28
C4095,superior,casado,1,36
C5474,superior,solteiro,1,37
C4268,superior,casado,1,48
C10701,superior,casado,0,34
C3507,superior,solteiro,1,37
C626,superior,casado,2,56
C4426,superior,solteiro,2,32
C2591,superior,viuvo,1,48
C10509,mestrado,solteiro,2,52
C6382,superior,uniao_estavel,2,54
C6673,superior,solteiro,0,42
C7441,superior,divorciado,1,34
C1071,doutorado,divorciado,1,31
C10061,superior,casado,1,57
C8775,superior,uniao_estavel,1,38
C2345,doutorado,uniao_estavel,0,25
C322,superior,uniao_estavel,2,29
C10897,superior,casado,1,33
C123,superior,viuvo,1,56
C6103,superior,casado,0,59
C7899,doutorado,casado,1,55
C10500,superior,casado,1,23
C1655,superior,uniao_estavel,1,28
C2406,superior,uniao_estavel,1,58
C2712,superior,casado,1,51
C5517,superior,casado,1,38
C10643,doutorado,solteiro,0,20
C2254,superior,casado,0,24
C10281,superior,divorciado,1,37
C6958,mestrado,casado,1,30
C954,basico,viuvo,0,47
C4643,superior,casado,1,34
C6497,superior,casado,1,47
C5396,superior,casado,0,19
C1052,superior,casado,1,38
C6343,superior,casado,1,48
C6507,superior,solteiro,1,27
C7901,mestrado,casado,1,36
C4865,mestrado,divorciado,2,33
C2686,basico,uniao_estavel,0,38
C3107,superior,uniao_estavel,1,31
C1146,mestrado,uniao_estavel,1,58
C11031,doutorado,casado,2,57
C7428,superior,uniao_estavel,0,32
C975,superior,solteiro,2,51
C1103,mestrado,casado,1,31
C3422,superior,casado,1,32
C1055,mestrado,casado,2,31
C6544,doutorado,uniao_estavel,1,58
C2909,doutorado,casado,1,33
C5802,basico,casado,0,35
C1407,basico,casado,1,21
C6183,mestrado,casado,1,45
C340,superior,divorciado,1,37
C5991,mestrado,casado,1,58
C3104,superior,solteiro,0,46
C9729,superior,viuvo,2,52
C1008,doutorado,uniao_estavel,0,26
C11091,superior,uniao_estavel,2,54
C3969,mestrado,uniao_estavel,1,33
C1916,mestrado,casado,1,53
C9907,mestrado,uniao_estavel,1,38
C8659,doutorado,uniao_estavel,1,55
C6262,mestrado,solteiro,0,45
C6147,superior,divorciado,1,36
C8832,mestrado,uniao_estavel,1,31
C7532,superior,casado,1,27
C2115,superior,uniao_estavel,2,50
C2088,superior,uniao_estavel,0,35
C2493,superior,casado,1,41
C6292,doutorado,casado,0,21
C1631,doutorado,uniao_estavel,0,42
C10104,superior,uniao_estavel,3,33
C3006,superior,divorciado,1,31
C3919,mestrado,solteiro,0,31
C11181,doutorado,casado,0,58
C642,basico,casado,1,27
C10127,superior,casado,1,42
C271,superior,viuvo,2,38
C4973,superior,solteiro,1,37
C2948,mestrado,divorciado,1,53
C2715,mestrado,divorciado,2,41
C10432,superior,divorciado,1,33
C9216,superior,casado,2,36
C7124,superior,divorciado,2,39
C9727,superior,casado,0,50
C5136,superior,solteiro,1,34
C9790,superior,solteiro,0,50
C1818,doutorado,uniao_estavel,1,36
C1100,mestrado,uniao_estavel,3,47
C7873,doutorado,uniao_estavel,2,34
C10609,doutorado,casado,1,45
C6950,mestrado,casado,2,49
C7233,superior,casado,0,35
C9481,superior,casado,1,31
C7699,superior,viuvo,2,38
C2711,mestrado,uniao_estavel,1,31
C1515,mestrado,uniao_estavel,1,32
C5186,doutorado,casado,1,52
C10157,superior,solteiro,1,42
C5667,doutorado,casado,1,43
C902,superior,uniao_estavel,1,27
C977,superior,uniao_estavel,1,50
C7600,basico,solteiro,1,15
C9706,doutorado,solteiro,1,33
C2429,superior,divorciado,1,53
C3520,mestrado,solteiro,0,17
C10394,superior,casado,0,23
C4548,superior,solteiro,2,26
C9362,superior,solteiro,1,42
C4084,superior,uniao_estavel,1,32
C6721,superior,casado,1,56
C2829,superior,casado,1,52
C1772,doutorado,casado,0,32
C1544,mestrado,divorciado,0,40
C4377,superior,casado,1,36
C4541,superior,uniao_estavel,1,52
C1321,superior,casado,1,33
C8858,doutorado,casado,1,35
C3266,superior,casado,0,43
C11187,basico,solteiro,1,29
C9723,superior,casado,1,47
C2666,mestrado,casado,1,35
C5721,doutorado,casado,0,51
C10652,mestrado,uniao_estavel,0,50
C1646,basico,casado,1,35
C4418,mestrado,solteiro,0,24
C2656,superior,divorciado,2,36
C7990,superior,casado,0,60
C7118,superior,casado,1,50
C2980,mestrado,solteiro,2,55
C1839,superior,solteiro,0,33
C10722,superior,uniao_estavel,1,34
C2632,superior,casado,2,53
C9014,superior,casado,2,32
C7620,basico,solteiro,1,17
C10968,superior,solteiro,1,38
C2736,superior,casado,1,29
C1876,superior,casado,0,17
C5959,superior,solteiro,2,39
C1092,superior,casado,1,27
C4333,superior,uniao_estavel,2,53
C3850,basico,uniao_estavel,1,44
C6168,superior,divorciado,2,44
C10469,superior,uniao_estavel,0,26
C6983,mestrado,divorciado,2,57
C9303,superior,casado,1,31
C692,superior,uniao_estavel,2,53
C736,superior,uniao_estavel,1,24
C9589,doutorado,viuvo,0,59
C4838,superior,uniao_estavel,1,29
C9246,mestrado,uniao_estavel,1,22
C6261,superior,casado,1,28
C7366,mestrado,solteiro,0,25
C1448,mestrado,casado,3,44
C4286,doutorado,solteiro,1,37
C4749,superior,uniao_estavel,2,39
C4478,superior,casado,2,28
C4201,superior,solteiro,1,45
C10084,superior,casado,2,35
C7004,superior,solteiro,1,23
C9817,mestrado,solteiro,0,37
C8080,superior,solteiro,0,21
C9432,superior,uniao_estavel,1,30
C8372,superior,casado,1,33
C10870,superior,casado,1,40
C4001,doutorado,uniao_estavel,3,61
C7270,superior,divorciado,0,26
C8235,mestrado,uniao_estavel,1,51
C9405,doutorado,casado,2,53
