uuid,acao,data,tipo
E7D19B3B,assinatura,2022-01-03,premium
9112B20A,assinatura,2022-01-03,premium
6AD290B2,assinatura,2022-01-06,familia
585AD709,assinatura,2022-01-06,basico
E4A8242F,assinatura,2022-01-06,basico
3909B7E4,assinatura,2022-01-07,basico
4C7F3596,assinatura,2022-01-07,basico
E1ACDB86,assinatura,2022-01-07,basico
3D69E43B,assinatura,2022-01-07,basico
42360AE2,assinatura,2022-01-07,premium
406EECCD,assinatura,2022-01-07,basico
470DC1D3,assinatura,2022-01-07,familia
98B6EF9D,assinatura,2022-01-07,familia
77EE5BB8,assinatura,2022-01-07,premium
E91250C2,assinatura,2022-01-07,familia
A33EED44,assinatura,2022-01-07,familia
A7346C26,assinatura,2022-01-07,familia
E9A3001E,assinatura,2022-01-07,basico
26E3C20E,assinatura,2022-01-07,basico
0533545F,assinatura,2022-01-07,premium
DFC8D902,assinatura,2022-01-07,premium
F6F63F9C,assinatura,2022-01-07,basico
6C3C7D38,assinatura,2022-01-07,premium
C48FAA1E,assinatura,2022-01-07,basico
1CFBD19B,assinatura,2022-01-08,familia
E2D5EAC6,assinatura,2022-01-08,basico
25318114,assinatura,2022-01-08,premium
51430012,assinatura,2022-01-08,familia
1CAD6A19,assinatura,2022-01-08,premium
A350C631,assinatura,2022-01-08,premium
B8042509,assinatura,2022-01-08,premium
1A4A87A8,assinatura,2022-01-08,premium
5769D277,assinatura,2022-01-08,premium
73841FA4,assinatura,2022-01-08,basico
0121085A,assinatura,2022-01-08,premium
D568598C,assinatura,2022-01-08,familia
FCDA3DE4,assinatura,2022-01-08,familia
5F4F37A6,assinatura,2022-01-09,familia
C590793C,assinatura,2022-01-09,premium
C820EFA8,assinatura,2022-01-09,premium
A611F6A4,assinatura,2022-01-09,premium
124D3B28,assinatura,2022-01-09,basico
D26E9D87,assinatura,2022-01-09,basico
1356B063,assinatura,2022-01-09,familia
F25FDD98,assinatura,2022-01-09,basico
9020D131,assinatura,2022-01-09,premium
587ACA03,assinatura,2022-01-09,familia
53B3A7C0,assinatura,2022-01-09,basico
9BB6F3E3,assinatura,2022-01-09,basico
D4B9864B,assinatura,2022-01-10,familia
21377DC1,assinatura,2022-01-10,basico
903A632A,assinatura,2022-01-10,basico
9E2A34DB,assinatura,2022-01-10,premium
81837DEB,assinatura,2022-01-10,familia
67F033AF,assinatura,2022-01-10,basico
9B50FCDC,assinatura,2022-01-10,familia
6B224495,assinatura,2022-01-11,basico
F1537D7F,assinatura,2022-01-11,familia
910BBDBF,assinatura,2022-01-11,familia
E746EB32,assinatura,2022-01-11,basico
1DBA9E0D,assinatura,2022-01-11,premium
A389AAF2,assinatura,2022-01-11,basico
1748833E,assinatura,2022-01-11,familia
A2F1460B,assinatura,2022-01-11,basico
229E8A98,assinatura,2022-01-11,premium
17BA7DEF,assinatura,2022-01-11,familia
6B48D385,assinatura,2022-01-11,premium
4B6CB711,assinatura,2022-01-11,familia
8C95D516,assinatura,2022-01-11,familia
EAEF6BA3,assinatura,2022-01-11,basico
DEC9EDB5,assinatura,2022-01-11,familia
493DD378,assinatura,2022-01-11,basico
5AD11832,assinatura,2022-01-11,familia
3F6699CE,assinatura,2022-01-11,basico
156250E5,assinatura,2022-01-11,premium
6467FC51,assinatura,2022-01-13,familia
8716D2FE,assinatura,2022-01-15,basico
D0A55AF6,assinatura,2022-01-21,familia
0E91665D,assinatura,2022-01-24,basico
EB5E5D79,assinatura,2022-01-26,basico
4565991F,assinatura,2022-01-30,premium
35A02120,assinatura,2022-02-05,basico
FDE379B1,assinatura,2022-02-06,basico
B534BE38,assinatura,2022-02-07,familia
E32DB07F,assinatura,2022-02-07,familia
544A668E,assinatura,2022-02-07,basico
CDAA212B,assinatura,2022-02-07,basico
946E1921,assinatura,2022-02-07,familia
75778D09,assinatura,2022-02-07,premium
9E64C521,assinatura,2022-02-07,premium
64286C0E,assinatura,2022-02-07,basico
76F8CF62,assinatura,2022-02-07,premium
4417725E,assinatura,2022-02-07,premium
FDB2F64A,assinatura,2022-02-07,familia
B350D917,assinatura,2022-02-07,basico
77890308,assinatura,2022-02-07,basico
828F7AB1,assinatura,2022-02-07,familia
9CC1CAE5,assinatura,2022-02-07,basico
129222A6,assinatura,2022-02-07,basico
E75B94F7,assinatura,2022-02-07,familia
0228D05F,assinatura,2022-02-07,premium
790811EC,assinatura,2022-02-08,premium
D466C7E1,assinatura,2022-02-08,basico
2DC884B4,assinatura,2022-02-08,basico
C5DED85D,assinatura,2022-02-08,familia
083F25B7,assinatura,2022-02-08,premium
81CC1845,assinatura,2022-02-08,familia
21B4A8E7,assinatura,2022-02-08,familia
0A3FE28F,assinatura,2022-02-08,premium
04AB071E,assinatura,2022-02-08,familia
DF57EDFA,assinatura,2022-02-08,basico
0A58F654,assinatura,2022-02-08,basico
A166543B,assinatura,2022-02-09,basico
0E2475F2,assinatura,2022-02-09,familia
7A32B1BC,assinatura,2022-02-09,premium
0D6BB9A6,assinatura,2022-02-09,basico
84BED752,assinatura,2022-02-09,familia
DA321330,assinatura,2022-02-09,premium
F4FEF28A,assinatura,2022-02-09,premium
7C8B8951,assinatura,2022-02-09,basico
99EC28F0,assinatura,2022-02-09,basico
3FE2F0A2,assinatura,2022-02-09,basico
70D96558,assinatura,2022-02-09,familia
7338B813,assinatura,2022-02-09,premium
9D0F45F6,assinatura,2022-02-09,basico
FB3B72FA,assinatura,2022-02-09,premium
337B020A,assinatura,2022-02-09,premium
7559F805,assinatura,2022-02-09,basico
010350BC,assinatura,2022-02-09,basico
DEDD678B,assinatura,2022-02-09,premium
2FE2A7FA,assinatura,2022-02-09,familia
B989BB68,assinatura,2022-02-09,basico
A672F44D,assinatura,2022-02-10,familia
48CD757F,assinatura,2022-02-10,premium
81AD0CC0,assinatura,2022-02-10,basico
C613199C,assinatura,2022-02-10,basico
75F700BE,assinatura,2022-02-10,familia
91C39D9A,assinatura,2022-02-10,familia
389BDA6A,assinatura,2022-02-10,familia
1140EF65,assinatura,2022-02-10,premium
371D7E57,assinatura,2022-02-10,basico
EDADDF72,assinatura,2022-02-11,familia
6BCCD3DE,assinatura,2022-02-11,familia
D3422E94,assinatura,2022-02-11,basico
5370F333,assinatura,2022-02-11,basico
0DDFD3D9,assinatura,2022-02-11,familia
D1CBB786,assinatura,2022-02-11,premium
6C7EC651,assinatura,2022-02-11,familia
CF975BBC,assinatura,2022-02-11,familia
56EAFA9D,assinatura,2022-02-11,basico
FA0EBF74,assinatura,2022-02-11,premium
8EF0528E,assinatura,2022-02-11,familia
E560AC24,assinatura,2022-02-11,premium
FDFA9AD6,assinatura,2022-02-11,familia
7EBCB2FA,assinatura,2022-02-11,basico
2736A157,assinatura,2022-02-11,basico
CA96CB48,assinatura,2022-02-11,basico
BF0E88BF,assinatura,2022-02-11,premium
BA560C56,assinatura,2022-02-11,premium
FCE1082A,assinatura,2022-02-11,familia
9C924C91,assinatura,2022-02-11,familia
D51ABDF2,assinatura,2022-02-11,basico
3EC63984,assinatura,2022-02-11,basico
F4C68B2F,assinatura,2022-02-11,basico
3C1FACEB,assinatura,2022-02-11,premium
67D679A6,assinatura,2022-02-23,familia
FAECC157,assinatura,2022-02-23,premium
C3F40F18,assinatura,2022-02-28,basico
F56B4D8D,assinatura,2022-03-04,familia
268520B0,assinatura,2022-03-05,premium
5D53DEE3,assinatura,2022-03-05,basico
9FE6022D,assinatura,2022-03-06,basico
FE1123DE,assinatura,2022-03-06,familia
F803193F,assinatura,2022-03-06,familia
850F5ECC,assinatura,2022-03-06,basico
FFCE6AF7,assinatura,2022-03-06,familia
459F31B4,assinatura,2022-03-07,familia
6DF819B8,assinatura,2022-03-07,basico
7F834DD3,assinatura,2022-03-07,familia
E24C935B,assinatura,2022-03-07,familia
1DB99810,assinatura,2022-03-07,basico
E6543217,assinatura,2022-03-07,familia
9F9A355C,assinatura,2022-03-07,premium
AC15BC89,assinatura,2022-03-07,familia
7775E7CF,assinatura,2022-03-07,premium
E967AF22,assinatura,2022-03-07,familia
66004CFA,assinatura,2022-03-07,familia
A4F841D1,assinatura,2022-03-07,familia
80D84FFF,assinatura,2022-03-07,basico
EB870DF0,assinatura,2022-03-07,basico
F92150C8,assinatura,2022-03-07,premium
8F9EDCCF,assinatura,2022-03-07,basico
607E4A66,assinatura,2022-03-07,basico
FD1F9CCB,assinatura,2022-03-08,basico
3680723F,assinatura,2022-03-08,premium
16EB35F9,assinatura,2022-03-08,basico
780453A9,assinatura,2022-03-08,basico
FBB9D9EA,assinatura,2022-03-08,familia
5C0EBECB,assinatura,2022-03-08,basico
87FD981E,assinatura,2022-03-08,premium
B23F46D4,assinatura,2022-03-08,basico
77ABE2BA,assinatura,2022-03-08,basico
A014FEEE,assinatura,2022-03-08,basico
455BAFFF,assinatura,2022-03-08,basico
17C95C0F,assinatura,2022-03-08,familia
706AFF47,assinatura,2022-03-09,premium
C48E83D1,assinatura,2022-03-09,familia
653D1369,assinatura,2022-03-09,familia
04F82B24,assinatura,2022-03-09,premium
9FFC88A5,assinatura,2022-03-09,basico
B90387FE,assinatura,2022-03-09,familia
A0A3E87E,assinatura,2022-03-09,basico
95CE9BB7,assinatura,2022-03-09,familia
16325146,assinatura,2022-03-09,familia
47650AF0,assinatura,2022-03-09,premium
85EEEADA,assinatura,2022-03-09,basico
B50D23CA,assinatura,2022-03-09,familia
ED6A8AC3,assinatura,2022-03-09,familia
FBFFE336,assinatura,2022-03-10,familia
1FA98945,assinatura,2022-03-10,premium
4A06722F,assinatura,2022-03-10,basico
6AAC1F8A,assinatura,2022-03-10,premium
DA852856,assinatura,2022-03-10,basico
50FF1BB1,assinatura,2022-03-10,basico
CB7873DA,assinatura,2022-03-10,basico
66036DC9,assinatura,2022-03-10,premium
96EB0D48,assinatura,2022-03-10,basico
96E01F7A,assinatura,2022-03-10,premium
733D6BA8,assinatura,2022-03-10,basico
8C6B5E11,assinatura,2022-03-10,basico
4D6BDDD8,assinatura,2022-03-10,basico
CED31DAD,assinatura,2022-03-10,basico
9664C312,assinatura,2022-03-10,familia
6612D468,assinatura,2022-03-10,premium
4D8A1BE3,assinatura,2022-03-11,familia
4BA25622,assinatura,2022-03-11,premium
A9C1DC51,assinatura,2022-03-11,familia
62C72076,assinatura,2022-03-11,premium
71595D20,assinatura,2022-03-11,familia
55F1E84B,assinatura,2022-03-11,basico
C1270711,assinatura,2022-03-11,familia
FFB391D7,assinatura,2022-03-11,basico
D8906C7F,assinatura,2022-03-11,premium
00099874,assinatura,2022-03-11,familia
A2900FE5,assinatura,2022-03-11,familia
6AD6E457,assinatura,2022-03-11,basico
9FFEF3D2,assinatura,2022-03-11,basico
53E44840,assinatura,2022-03-11,familia
C33E0AC3,assinatura,2022-03-11,premium
B7779286,assinatura,2022-03-11,familia
1798A542,assinatura,2022-03-11,basico
D71EBABB,assinatura,2022-03-11,familia
00BC8859,assinatura,2022-03-11,premium
D9711A37,assinatura,2022-03-11,basico
2B3433DD,assinatura,2022-03-11,basico
3C86762F,assinatura,2022-03-11,basico
48456C35,assinatura,2022-03-11,familia
EDEC8CDA,assinatura,2022-03-12,premium
F452FA8F,assinatura,2022-03-12,premium
DF44DB8A,assinatura,2022-03-12,familia
9ABAC5C6,assinatura,2022-03-15,premium
A2876D24,assinatura,2022-03-18,premium
D69EB31A,assinatura,2022-03-18,premium
BFB17ABA,assinatura,2022-03-19,premium
B6B96E91,assinatura,2022-03-29,basico
C0CA816D,assinatura,2022-04-03,basico
B47528DC,assinatura,2022-04-03,basico
BC4E8A5B,assinatura,2022-04-04,familia
75BB0192,assinatura,2022-04-06,basico
A4484873,assinatura,2022-04-06,premium
6085EC45,assinatura,2022-04-06,basico
BCE5B1B0,assinatura,2022-04-06,basico
47E5FF28,assinatura,2022-04-07,basico
1454AEAD,assinatura,2022-04-07,premium
317CE740,assinatura,2022-04-07,familia
33C54122,assinatura,2022-04-07,premium
2698E6CA,assinatura,2022-04-07,premium
23994F46,assinatura,2022-04-07,basico
56760AF3,assinatura,2022-04-07,premium
073EA854,assinatura,2022-04-07,basico
B975B42D,assinatura,2022-04-07,familia
46A9DEE9,assinatura,2022-04-07,premium
A82ED45E,assinatura,2022-04-08,basico
C1A4E552,assinatura,2022-04-08,basico
8A57A67E,assinatura,2022-04-08,basico
59441C74,assinatura,2022-04-08,familia
1566AB09,assinatura,2022-04-08,basico
35164CAD,assinatura,2022-04-08,premium
A4364640,assinatura,2022-04-08,premium
AFAD4CFA,assinatura,2022-04-08,familia
01F5EA4B,assinatura,2022-04-08,basico
06E52E42,assinatura,2022-04-08,familia
BB31E157,assinatura,2022-04-08,basico
C0A4CF92,assinatura,2022-04-08,premium
E4E0985D,assinatura,2022-04-08,premium
0BCBB5C6,assinatura,2022-04-08,premium
B4B84498,assinatura,2022-04-08,familia
36731223,assinatura,2022-04-08,familia
485B891D,assinatura,2022-04-09,premium
1C7A4FFA,assinatura,2022-04-09,familia
83618A74,assinatura,2022-04-09,basico
FBE16756,assinatura,2022-04-09,premium
58D5FC94,assinatura,2022-04-09,premium
819AAD73,assinatura,2022-04-09,basico
8A5B5BB5,assinatura,2022-04-09,basico
C816D9D5,assinatura,2022-04-09,basico
987D8679,assinatura,2022-04-09,basico
F33A8692,assinatura,2022-04-09,basico
E4491DFF,assinatura,2022-04-09,basico
5A91FA1C,assinatura,2022-04-09,premium
DF0CCE4B,assinatura,2022-04-09,premium
FE6352C3,assinatura,2022-04-09,basico
B2B40314,assinatura,2022-04-09,familia
3CCD563B,assinatura,2022-04-09,basico
CD2D4881,assinatura,2022-04-10,basico
DCCCB37A,assinatura,2022-04-10,basico
7F94907A,assinatura,2022-04-10,basico
028277ED,assinatura,2022-04-10,basico
F2CCC213,assinatura,2022-04-10,basico
7C2CD3CA,assinatura,2022-04-10,basico
41DC9397,assinatura,2022-04-10,premium
E8DCCE58,assinatura,2022-04-10,basico
9D6615A9,assinatura,2022-04-10,basico
679ED12A,assinatura,2022-04-10,basico
1124CAD5,assinatura,2022-04-10,basico
D214997D,assinatura,2022-04-10,premium
37E69641,assinatura,2022-04-10,familia
99D208FB,assinatura,2022-04-10,premium
224E6EF7,assinatura,2022-04-11,basico
3F0EE754,assinatura,2022-04-11,familia
72419CEF,assinatura,2022-04-11,basico
D7C16B06,assinatura,2022-04-11,basico
93CECD15,assinatura,2022-04-11,familia
F2E611E5,assinatura,2022-04-11,premium
F782D00F,assinatura,2022-04-11,premium
C678AC3F,assinatura,2022-04-11,familia
A3C48907,assinatura,2022-04-11,familia
3A42BF1F,assinatura,2022-04-11,basico
A7105FA6,assinatura,2022-04-11,basico
9DB16310,assinatura,2022-04-11,premium
7B64D1D9,assinatura,2022-04-11,premium
88A412F8,assinatura,2022-04-11,basico
D0479415,assinatura,2022-04-11,basico
8E7568D6,assinatura,2022-04-11,familia
93AFAE30,assinatura,2022-04-11,familia
E1431769,assinatura,2022-04-11,familia
98FB260F,assinatura,2022-04-11,basico
D8489B8B,assinatura,2022-04-11,familia
8A76E9B1,assinatura,2022-04-11,premium
A344F18A,assinatura,2022-04-11,basico
D97158A8,assinatura,2022-04-11,premium
0130CCA5,assinatura,2022-04-11,familia
8E8C79CA,assinatura,2022-04-11,basico
406194D1,assinatura,2022-04-11,familia
7694F8D1,assinatura,2022-04-11,familia
D0F3E978,assinatura,2022-04-11,basico
BFE92A68,assinatura,2022-04-11,basico
8C9DF687,assinatura,2022-04-12,premium
94A2801E,assinatura,2022-04-12,premium
D661E479,assinatura,2022-04-16,premium
5EB3196B,assinatura,2022-04-19,premium
BC7AE164,assinatura,2022-04-20,basico
8E8D8BC2,assinatura,2022-04-21,basico
90BD612F,assinatura,2022-04-22,basico
AD811B5D,assinatura,2022-04-23,familia
19FF2630,assinatura,2022-04-26,premium
D9011AC7,assinatura,2022-04-26,familia
7B8F361F,assinatura,2022-04-26,familia
E69286F3,assinatura,2022-04-27,basico
86B00050,assinatura,2022-04-28,familia
E457C798,assinatura,2022-04-29,premium
9439A1CE,assinatura,2022-05-01,basico
1FE17BF5,assinatura,2022-05-02,familia
EFE31167,assinatura,2022-05-03,basico
55544AF1,assinatura,2022-05-04,basico
737B8183,assinatura,2022-05-04,familia
40F86873,assinatura,2022-05-05,basico
6C58B4B2,assinatura,2022-05-06,basico
C4636F22,assinatura,2022-05-06,premium
D739C3F5,assinatura,2022-05-06,familia
A2311319,assinatura,2022-05-06,basico
CDAF16A2,assinatura,2022-05-06,familia
8B019CA2,assinatura,2022-05-07,premium
7F93D0B4,assinatura,2022-05-07,familia
2F15A50C,assinatura,2022-05-07,familia
12DBFC99,assinatura,2022-05-07,premium
4B1710B1,assinatura,2022-05-07,premium
1C0777AB,assinatura,2022-05-07,basico
F6A35B52,assinatura,2022-05-07,familia
D35CA37E,assinatura,2022-05-07,familia
DE4C675D,assinatura,2022-05-07,familia
3672D4DC,assinatura,2022-05-07,familia
0BAD2FD1,assinatura,2022-05-08,familia
8938E7C8,assinatura,2022-05-08,familia
811ACC04,assinatura,2022-05-08,premium
BEBA2FE5,assinatura,2022-05-08,basico
D09CCEB8,assinatura,2022-05-08,premium
FF9AE655,assinatura,2022-05-08,premium
65437E47,assinatura,2022-05-08,familia
F0A2832F,assinatura,2022-05-08,familia
246F529D,assinatura,2022-05-08,basico
089D7F45,assinatura,2022-05-08,premium
DF7C1782,assinatura,2022-05-08,basico
0069CC43,assinatura,2022-05-09,premium
C8F5E322,assinatura,2022-05-09,familia
0AC1D26C,assinatura,2022-05-09,basico
4ECD7DCF,assinatura,2022-05-09,basico
A11CC4AF,assinatura,2022-05-09,basico
BAE938B2,assinatura,2022-05-09,basico
D5D8F21B,assinatura,2022-05-09,familia
5976A0DE,assinatura,2022-05-09,basico
7436A527,assinatura,2022-05-09,basico
685C7A9C,assinatura,2022-05-09,basico
397AD75B,assinatura,2022-05-09,familia
08D9E606,assinatura,2022-05-09,basico
656C15C0,assinatura,2022-05-09,familia
B8854662,assinatura,2022-05-09,familia
213BD396,assinatura,2022-05-09,basico
F3CFCE5E,assinatura,2022-05-09,basico
A1D9AB5E,assinatura,2022-05-09,basico
4671CD84,assinatura,2022-05-09,premium
38313490,assinatura,2022-05-10,familia
E1420B46,assinatura,2022-05-10,premium
1B4C3883,assinatura,2022-05-10,basico
A0E72EA3,assinatura,2022-05-10,basico
5C0E4BAB,assinatura,2022-05-10,premium
5FAB2317,assinatura,2022-05-10,premium
637DCA84,assinatura,2022-05-10,premium
15718CEE,assinatura,2022-05-10,premium
3857DB01,assinatura,2022-05-10,basico
1F5E717F,assinatura,2022-05-10,basico
7C356C66,assinatura,2022-05-10,basico
1B1951B1,assinatura,2022-05-10,premium
EC0C0B8E,assinatura,2022-05-10,basico
194929DB,assinatura,2022-05-10,basico
C2CB952E,assinatura,2022-05-11,familia
2D207F30,assinatura,2022-05-11,premium
FA463A41,assinatura,2022-05-11,basico
B10E82C2,assinatura,2022-05-11,basico
1107FDA0,assinatura,2022-05-11,familia
763E6169,assinatura,2022-05-11,familia
43C3ED02,assinatura,2022-05-11,familia
BF5A24A9,assinatura,2022-05-11,basico
429ED32D,assinatura,2022-05-11,basico
3CA49CD6,assinatura,2022-05-11,premium
7F1B9AD4,assinatura,2022-05-11,premium
23F15796,assinatura,2022-05-11,premium
64F197F6,assinatura,2022-05-11,familia
515AD18C,assinatura,2022-05-11,familia
44B43A3F,assinatura,2022-05-11,familia
426FED12,assinatura,2022-05-11,basico
EAC74C33,assinatura,2022-05-11,familia
65F001BA,assinatura,2022-05-11,familia
9B689C03,assinatura,2022-05-11,premium
334397C3,assinatura,2022-05-11,basico
B1F21278,assinatura,2022-05-11,basico
8517DDCE,assinatura,2022-05-11,basico
042E215A,assinatura,2022-05-11,premium
A3C61A75,assinatura,2022-05-11,familia
E4D14590,assinatura,2022-05-11,premium
0845914A,assinatura,2022-05-11,basico
2F46AB48,assinatura,2022-05-11,premium
E894DA45,assinatura,2022-05-11,familia
AE09D0C8,assinatura,2022-05-11,familia
B1D12588,assinatura,2022-05-11,basico
C56816D0,assinatura,2022-05-11,premium
A4825D32,assinatura,2022-05-11,premium
C50DDF04,assinatura,2022-05-11,basico
EE1D9ED1,assinatura,2022-05-16,basico
56611A29,assinatura,2022-05-16,basico
BA16B108,assinatura,2022-05-17,premium
C6BAEE27,assinatura,2022-05-19,premium
5E351785,assinatura,2022-05-19,familia
0E3AE2D8,assinatura,2022-05-20,premium
AD977779,assinatura,2022-05-20,basico
C6F81EFE,assinatura,2022-05-21,familia
8C50A68B,assinatura,2022-05-22,premium
0B3BB1B2,assinatura,2022-05-22,familia
8CEC7927,assinatura,2022-05-23,basico
3F6045DD,assinatura,2022-05-24,familia
815CDCF4,assinatura,2022-05-24,basico
DE7B290A,assinatura,2022-05-25,familia
D27CC539,assinatura,2022-05-25,familia
91BDCECF,assinatura,2022-05-25,familia
A5D259FC,assinatura,2022-05-25,familia
3D8ED337,assinatura,2022-05-26,familia
4F2D2510,assinatura,2022-05-26,familia
3C683AF4,assinatura,2022-05-27,familia
6EFA12F9,assinatura,2022-05-27,premium
9164A392,assinatura,2022-05-27,premium
1AEC38D4,assinatura,2022-05-28,familia
4C75622A,assinatura,2022-05-28,basico
CD0C5C7D,assinatura,2022-05-29,basico
2AA450C9,assinatura,2022-05-30,familia
E9F7D4D4,assinatura,2022-05-30,basico
9B793A60,assinatura,2022-05-30,premium
CF665080,assinatura,2022-05-30,premium
0969DDCD,assinatura,2022-05-31,familia
DF01B568,assinatura,2022-05-31,basico
00885F31,assinatura,2022-05-31,premium
5CB7E6AB,assinatura,2022-06-06,premium
AC5A0EA1,assinatura,2022-06-06,premium
EE4D9EFB,assinatura,2022-06-06,familia
02DC4DDB,assinatura,2022-06-06,familia
6B8BB50B,assinatura,2022-06-07,premium
05E04B84,assinatura,2022-06-07,basico
F1BBE963,assinatura,2022-06-07,premium
767ACF83,assinatura,2022-06-07,premium
2A6C44B0,assinatura,2022-06-07,basico
5EDD6DB7,assinatura,2022-06-07,basico
11DDF829,assinatura,2022-06-07,familia
A7EFC253,assinatura,2022-06-07,basico
56A02B82,assinatura,2022-06-07,familia
49C9F859,assinatura,2022-06-07,basico
3492C08D,assinatura,2022-06-07,premium
89FEADB6,assinatura,2022-06-07,basico
3A6FB919,assinatura,2022-06-07,basico
A2394BE0,assinatura,2022-06-07,premium
30CB67BB,assinatura,2022-06-07,premium
007CCC1A,assinatura,2022-06-08,premium
5B85FA7D,assinatura,2022-06-08,premium
0CD3733A,assinatura,2022-06-08,basico
12F7AC8A,assinatura,2022-06-08,premium
D88CCF11,assinatura,2022-06-08,premium
1599109A,assinatura,2022-06-08,familia
B9D963F9,assinatura,2022-06-08,premium
EAC08814,assinatura,2022-06-08,basico
F733BB46,assinatura,2022-06-08,basico
10922971,assinatura,2022-06-08,basico
EE045F0E,assinatura,2022-06-08,premium
5081BE76,assinatura,2022-06-08,basico
FF14251F,assinatura,2022-06-08,premium
BA3FA74F,assinatura,2022-06-08,basico
9A23C458,assinatura,2022-06-08,familia
B73C90A5,assinatura,2022-06-08,familia
D4BFB947,assinatura,2022-06-08,basico
D3639E7E,assinatura,2022-06-08,basico
25542C7F,assinatura,2022-06-08,familia
01F5F09A,assinatura,2022-06-08,familia
59A54880,assinatura,2022-06-08,premium
9C521504,assinatura,2022-06-08,familia
71BC47F3,assinatura,2022-06-09,basico
15B4E3C6,assinatura,2022-06-09,familia
09B58A6D,assinatura,2022-06-09,premium
96AA6CD8,assinatura,2022-06-09,premium
3456FC88,assinatura,2022-06-09,premium
2811835F,assinatura,2022-06-09,basico
3BACF2B2,assinatura,2022-06-09,basico
C22293B3,assinatura,2022-06-09,premium
9373E0E6,assinatura,2022-06-09,premium
1FC00D38,assinatura,2022-06-09,basico
8DE9CCB0,assinatura,2022-06-09,familia
6B1ABDCD,assinatura,2022-06-09,premium
3631C93E,assinatura,2022-06-09,premium
9AB5A844,assinatura,2022-06-09,premium
7A325D01,assinatura,2022-06-09,basico
3132EB60,assinatura,2022-06-09,premium
700A8E63,assinatura,2022-06-09,basico
7D21DEC5,assinatura,2022-06-09,basico
3D7EADA9,assinatura,2022-06-09,basico
A0D02338,assinatura,2022-06-10,basico
E9B3D1F1,assinatura,2022-06-10,basico
47C5EEB7,assinatura,2022-06-10,premium
CEAC7994,assinatura,2022-06-10,basico
A3B79117,assinatura,2022-06-10,premium
E46EE35F,assinatura,2022-06-10,basico
507C7E3D,assinatura,2022-06-10,basico
30C44BCE,assinatura,2022-06-10,basico
9643F8FE,assinatura,2022-06-10,familia
B094F3AD,assinatura,2022-06-10,basico
6FAE8BC4,assinatura,2022-06-10,basico
77A881D0,assinatura,2022-06-10,premium
C9345B5F,assinatura,2022-06-10,basico
8CACC632,assinatura,2022-06-10,premium
5118F58F,assinatura,2022-06-10,premium
ABA88EC9,assinatura,2022-06-10,premium
CA08ABC5,assinatura,2022-06-10,basico
DA86F6EB,assinatura,2022-06-10,premium
86D0FA82,assinatura,2022-06-10,basico
16E5D7CC,assinatura,2022-06-10,basico
3DC59E9F,assinatura,2022-06-11,familia
97ABA74D,assinatura,2022-06-11,premium
A0F3FCFE,assinatura,2022-06-11,basico
F0CA445D,assinatura,2022-06-11,familia
2E3E2A69,assinatura,2022-06-11,basico
522A1B1A,assinatura,2022-06-11,familia
7B110B15,assinatura,2022-06-11,premium
DB67F6E8,assinatura,2022-06-11,familia
64A07024,assinatura,2022-06-11,premium
1831BD6B,assinatura,2022-06-11,basico
6AE5EC13,assinatura,2022-06-11,familia
A12588F4,assinatura,2022-06-11,familia
422D4CD5,assinatura,2022-06-11,familia
1904B8EF,assinatura,2022-06-11,premium
84FB901B,assinatura,2022-06-11,basico
000A2047,assinatura,2022-06-11,premium
2DCCCA5A,assinatura,2022-06-11,basico
56BD2628,assinatura,2022-06-11,familia
6DEE8D24,assinatura,2022-06-11,familia
EB7D7228,assinatura,2022-06-11,familia
345821FC,assinatura,2022-06-11,basico
E5A4FD4C,assinatura,2022-06-13,familia
C39CEA51,assinatura,2022-06-13,basico
32B5FA49,assinatura,2022-06-13,familia
052C9826,assinatura,2022-06-13,premium
72CE931D,assinatura,2022-06-13,premium
67E2D00A,assinatura,2022-06-13,basico
130A88AD,assinatura,2022-06-14,premium
8EB47CB6,assinatura,2022-06-14,basico
9F90E92A,assinatura,2022-06-14,familia
11935938,assinatura,2022-06-15,basico
77FA2327,assinatura,2022-06-15,basico
E52CED75,assinatura,2022-06-15,premium
ED4EFAFA,assinatura,2022-06-15,basico
50ADA3B7,assinatura,2022-06-16,basico
065F9E03,assinatura,2022-06-16,basico
CB3A71D1,assinatura,2022-06-16,familia
3E637E3A,assinatura,2022-06-16,basico
8F426B39,assinatura,2022-06-16,premium
CB413544,assinatura,2022-06-16,basico
E5707B6D,assinatura,2022-06-16,premium
D070F57B,assinatura,2022-06-17,premium
7E7EE9AB,assinatura,2022-06-17,premium
2E391C78,assinatura,2022-06-17,familia
D0E590AB,assinatura,2022-06-17,basico
22A37063,assinatura,2022-06-17,basico
0D536133,assinatura,2022-06-17,basico
15410B12,assinatura,2022-06-18,familia
D8BB7CB2,assinatura,2022-06-18,basico
D1688FE9,assinatura,2022-06-18,basico
295579B0,assinatura,2022-06-18,basico
5C1FCDB1,assinatura,2022-06-18,basico
B92F81B6,assinatura,2022-06-18,premium
13035DB1,assinatura,2022-06-18,familia
450A5EF9,assinatura,2022-06-18,familia
87533030,assinatura,2022-06-18,premium
CF44F8DC,assinatura,2022-06-18,familia
5C9D704F,assinatura,2022-06-18,basico
64FABECB,assinatura,2022-06-19,premium
4A7BA944,assinatura,2022-06-19,familia
26D19A49,assinatura,2022-06-19,premium
3ABE8440,assinatura,2022-06-19,premium
6DF1E262,assinatura,2022-06-19,basico
E955C5B1,assinatura,2022-06-19,familia
3B5624B2,assinatura,2022-06-19,premium
BD08B493,assinatura,2022-06-20,familia
66DB18EA,assinatura,2022-06-20,basico
F28FE615,assinatura,2022-06-20,premium
28B20957,assinatura,2022-06-20,basico
04AE4543,assinatura,2022-06-20,basico
456A1EF5,assinatura,2022-06-20,premium
6D80794A,assinatura,2022-06-20,familia
A9204E80,assinatura,2022-06-20,basico
161CECCA,assinatura,2022-06-20,basico
589D33E5,assinatura,2022-06-21,basico
821984E5,assinatura,2022-06-21,familia
646E6AC7,assinatura,2022-06-21,basico
B7F4D3B9,assinatura,2022-06-21,basico
82C9D88B,assinatura,2022-06-21,basico
2CA35081,assinatura,2022-06-21,premium
93635C24,assinatura,2022-06-22,premium
E572ABEF,assinatura,2022-06-22,familia
94CBF272,assinatura,2022-06-22,premium
FB2C5E10,assinatura,2022-06-22,premium
877FDC49,assinatura,2022-06-22,basico
F79B2F74,assinatura,2022-06-22,premium
FBFD0BB2,assinatura,2022-06-22,basico
EBFE079C,assinatura,2022-06-22,familia
A8E927E8,assinatura,2022-06-22,familia
C4060F1F,assinatura,2022-06-22,basico
08BE07F0,assinatura,2022-06-22,basico
B304FCBD,assinatura,2022-06-22,familia
3F609D29,assinatura,2022-06-22,basico
01EAD040,assinatura,2022-06-22,basico
9A423768,assinatura,2022-06-23,premium
04D27A06,assinatura,2022-06-23,familia
0B33006D,assinatura,2022-06-23,premium
E464B992,assinatura,2022-06-23,basico
6F0A22E3,assinatura,2022-06-23,basico
9471A41A,assinatura,2022-06-23,premium
ADFC2D29,assinatura,2022-06-23,premium
21432CAB,assinatura,2022-06-23,basico
B3C90AA2,assinatura,2022-06-23,familia
AC1C0713,assinatura,2022-06-23,premium
44BA7248,assinatura,2022-06-24,familia
35ACE1A3,assinatura,2022-06-24,familia
1E3B07D8,assinatura,2022-06-24,premium
94D3D0EB,assinatura,2022-06-24,basico
412C47E2,assinatura,2022-06-24,basico
7C9990EB,assinatura,2022-06-24,basico
415D9348,assinatura,2022-06-24,basico
B7009109,assinatura,2022-06-24,premium
345F50B7,assinatura,2022-06-24,familia
1A918575,assinatura,2022-06-24,basico
8E7D97D4,assinatura,2022-06-24,premium
6EDF9A34,assinatura,2022-06-24,premium
0B52565D,assinatura,2022-06-24,familia
AC3E1E35,assinatura,2022-06-24,basico
AF70C06A,assinatura,2022-06-24,premium
7D437FEF,assinatura,2022-06-24,premium
952F137A,assinatura,2022-06-24,basico
65FDF2AC,assinatura,2022-06-25,premium
4AECCBD5,assinatura,2022-06-25,premium
39494847,assinatura,2022-06-25,basico
50BAC96C,assinatura,2022-06-25,familia
90F52239,assinatura,2022-06-25,premium
CE21E22C,assinatura,2022-06-25,familia
89180FC5,assinatura,2022-06-25,premium
78493685,assinatura,2022-06-25,basico
D243C954,assinatura,2022-06-25,familia
AED85D48,assinatura,2022-06-25,familia
5D5127E5,assinatura,2022-06-25,familia
67354169,assinatura,2022-06-25,basico
3307C568,assinatura,2022-06-25,basico
091D9D2E,assinatura,2022-06-25,premium
8240D673,assinatura,2022-06-25,familia
AA4002B0,assinatura,2022-06-26,basico
4810A8F4,assinatura,2022-06-26,familia
6157333D,assinatura,2022-06-26,premium
6F7904ED,assinatura,2022-06-26,basico
16ED84F5,assinatura,2022-06-26,basico
C2E0E3BC,assinatura,2022-06-26,premium
698B4C3B,assinatura,2022-06-26,familia
595393BB,assinatura,2022-06-26,basico
0A1906F1,assinatura,2022-06-26,basico
EB173D59,assinatura,2022-06-26,familia
E36F1472,assinatura,2022-06-26,basico
447AE876,assinatura,2022-06-26,premium
D27F55F1,assinatura,2022-06-26,basico
19A09C24,assinatura,2022-06-26,basico
E5500B32,assinatura,2022-06-26,premium
E68A6E1C,assinatura,2022-06-26,basico
F137489B,assinatura,2022-06-26,basico
A2B375D3,assinatura,2022-06-26,basico
1360CBFE,assinatura,2022-06-26,familia
45C61525,assinatura,2022-06-26,premium
24815CDA,assinatura,2022-06-26,basico
901E8BE4,assinatura,2022-06-26,premium
B50EBB90,assinatura,2022-06-26,familia
7C934623,assinatura,2022-06-26,familia
663B1B9F,assinatura,2022-06-26,familia
9028B48D,assinatura,2022-06-26,basico
72EE5E23,assinatura,2022-06-26,basico
12797EA6,assinatura,2022-06-27,basico
403389E9,assinatura,2022-06-27,familia
5E17D9D5,assinatura,2022-06-27,familia
DD7C36D4,assinatura,2022-06-27,basico
8D8CF0BF,assinatura,2022-06-27,premium
D4080CE9,assinatura,2022-06-27,basico
3DFED9AC,assinatura,2022-06-27,basico
3FBE343C,assinatura,2022-06-27,basico
BC6960C5,assinatura,2022-06-27,basico
671A4844,assinatura,2022-06-27,premium
3D463DE8,assinatura,2022-06-27,premium
9842E83A,assinatura,2022-06-27,basico
C1A105AD,assinatura,2022-06-27,familia
EDB63D7A,assinatura,2022-06-27,basico
10A974C4,assinatura,2022-06-27,familia
B3425807,assinatura,2022-06-27,premium
A785A133,assinatura,2022-06-27,familia
D3F8325F,assinatura,2022-06-27,basico
FBB9CE8A,assinatura,2022-06-27,premium
B1C6EC15,assinatura,2022-06-27,familia
516BE7CF,assinatura,2022-06-27,familia
82201A99,assinatura,2022-06-27,premium
534E324F,assinatura,2022-06-27,familia
6A1A2376,assinatura,2022-06-28,basico
BC2DD954,assinatura,2022-06-28,familia
B67AEF00,assinatura,2022-06-28,premium
88C8A5DA,assinatura,2022-06-28,basico
E1C8E9B2,assinatura,2022-06-28,familia
7A70C21F,assinatura,2022-06-28,familia
76AD97B0,assinatura,2022-06-28,basico
5E044DD5,assinatura,2022-06-28,premium
2657B6A4,assinatura,2022-06-28,basico
A71849A1,assinatura,2022-06-28,basico
AB86A349,assinatura,2022-06-28,premium
73AFFFC3,assinatura,2022-06-28,basico
A0CA93C9,assinatura,2022-06-28,familia
900B5B79,assinatura,2022-06-28,premium
C5C4FA18,assinatura,2022-06-28,familia
EB026F9B,assinatura,2022-06-28,basico
724CD8ED,assinatura,2022-06-28,basico
6EA4EF85,assinatura,2022-06-29,basico
6D1D22FE,assinatura,2022-06-29,premium
D2A9972E,assinatura,2022-06-29,premium
292FCD9E,assinatura,2022-06-29,familia
2695C312,assinatura,2022-06-29,premium
A655B0EE,assinatura,2022-06-29,premium
9536AB09,assinatura,2022-06-29,premium
99F7AB89,assinatura,2022-06-29,familia
44634DD2,assinatura,2022-06-29,premium
C115288A,assinatura,2022-06-29,familia
348BA16C,assinatura,2022-06-29,premium
F8BAE234,assinatura,2022-06-29,basico
853FF932,assinatura,2022-06-29,basico
90EA09A4,assinatura,2022-06-29,basico
2CAE6D1F,assinatura,2022-06-29,basico
7B610C55,assinatura,2022-06-29,premium
E180B721,assinatura,2022-06-29,familia
00BB77C6,assinatura,2022-06-29,familia
08B5764C,assinatura,2022-06-29,basico
3C994918,assinatura,2022-06-29,basico
09604DDB,assinatura,2022-06-29,basico
17C7F551,assinatura,2022-06-29,familia
BF14A5BA,assinatura,2022-06-30,basico
381E14CE,assinatura,2022-06-30,familia
35C6EDB8,assinatura,2022-06-30,familia
DFC902DF,assinatura,2022-06-30,basico
59ABC401,assinatura,2022-06-30,basico
52169D8B,assinatura,2022-06-30,familia
44C9F250,assinatura,2022-06-30,premium
621FCE64,assinatura,2022-06-30,premium
CF0B0895,assinatura,2022-06-30,familia
0CAC21E0,assinatura,2022-06-30,familia
4FC24A1F,assinatura,2022-06-30,familia
B86975AD,assinatura,2022-06-30,basico
E0E25BD2,assinatura,2022-06-30,premium
641C696D,assinatura,2022-06-30,familia
A6924C95,assinatura,2022-06-30,familia
E926F1FE,assinatura,2022-06-30,premium
E5275680,assinatura,2022-06-30,familia
82AF5F98,assinatura,2022-06-30,familia
9A44DEB2,assinatura,2022-06-30,basico
DB8944FD,assinatura,2022-06-30,basico
62EEF0BD,assinatura,2022-06-30,premium
ED16E93F,assinatura,2022-06-30,premium
062CF239,assinatura,2022-06-30,basico
57329E15,assinatura,2022-06-30,familia
1A46FA5A,assinatura,2022-06-30,basico
677EE518,assinatura,2022-06-30,premium
E1445AB6,assinatura,2022-06-30,premium
E4790422,assinatura,2022-06-30,basico
B7686BF7,assinatura,2022-06-30,familia
1BC044F2,assinatura,2022-06-30,premium
0ECE8E41,assinatura,2022-06-30,familia
2FDB643F,assinatura,2022-07-02,familia
0E2C3659,assinatura,2022-07-03,familia
E23C75D9,assinatura,2022-07-03,basico
04D64C9B,assinatura,2022-07-04,basico
E7E77564,assinatura,2022-07-04,premium
E16C38D5,assinatura,2022-07-05,familia
BC1916F2,assinatura,2022-07-06,basico
14D04320,assinatura,2022-07-06,familia
312FECE2,assinatura,2022-07-06,premium
B3408B29,assinatura,2022-07-06,familia
3858638E,assinatura,2022-07-06,premium
952741E0,assinatura,2022-07-06,familia
33CFF924,assinatura,2022-07-07,basico
672B158D,assinatura,2022-07-07,premium
C3AA7EFD,assinatura,2022-07-07,familia
D8E25084,assinatura,2022-07-07,basico
D924EA31,assinatura,2022-07-07,familia
3A0E0B09,assinatura,2022-07-07,basico
180E16A2,assinatura,2022-07-07,basico
DA794DD2,assinatura,2022-07-07,basico
7BF4B46F,assinatura,2022-07-07,familia
643B4161,assinatura,2022-07-07,basico
7B063062,assinatura,2022-07-07,basico
92022C2F,assinatura,2022-07-07,familia
67626762,assinatura,2022-07-07,basico
64E61AE9,assinatura,2022-07-07,familia
F70DB215,assinatura,2022-07-07,basico
6F729473,assinatura,2022-07-07,premium
69A2241D,assinatura,2022-07-07,basico
6A20183F,assinatura,2022-07-07,familia
7BC79F42,assinatura,2022-07-07,premium
6FBD7713,assinatura,2022-07-07,familia
A1DA7F9E,assinatura,2022-07-07,basico
4FD49275,assinatura,2022-07-08,familia
0325E8BA,assinatura,2022-07-08,premium
3915AB4C,assinatura,2022-07-08,basico
CF4455BC,assinatura,2022-07-08,familia
112D84A5,assinatura,2022-07-08,basico
8C7D1888,assinatura,2022-07-08,familia
C8042DF9,assinatura,2022-07-08,premium
AC333E5E,assinatura,2022-07-08,basico
BF9F8439,assinatura,2022-07-08,familia
AB006076,assinatura,2022-07-08,basico
977E8A75,assinatura,2022-07-08,familia
1B991C66,assinatura,2022-07-08,familia
FFCA5E2E,assinatura,2022-07-08,familia
DB10DAE3,assinatura,2022-07-09,familia
6A9CEB5C,assinatura,2022-07-09,premium
C502900D,assinatura,2022-07-09,premium
048E5455,assinatura,2022-07-10,premium
8EA2DB5C,assinatura,2022-07-10,basico
7E1C0301,assinatura,2022-07-10,premium
4EE3DB65,assinatura,2022-07-10,basico
6679D3AA,assinatura,2022-07-10,premium
A63CD106,assinatura,2022-07-10,basico
3335249F,assinatura,2022-07-10,premium
2C3812CC,assinatura,2022-07-10,basico
6315E488,assinatura,2022-07-10,familia
59AEA9E6,assinatura,2022-07-10,basico
B606B260,assinatura,2022-07-10,premium
88654C84,assinatura,2022-07-10,familia
D3B4FBFD,assinatura,2022-07-10,familia
1A59FC46,assinatura,2022-07-10,premium
D6022EAD,assinatura,2022-07-10,basico
663075F8,assinatura,2022-07-10,basico
08FA7E7E,assinatura,2022-07-10,familia
75E21CED,assinatura,2022-07-10,premium
F5AEAFA9,assinatura,2022-07-11,familia
3EAD61B9,assinatura,2022-07-11,premium
520E616B,assinatura,2022-07-11,basico
5B2CB7CA,assinatura,2022-07-11,familia
87D46A47,assinatura,2022-07-11,basico
F9C552EA,assinatura,2022-07-11,familia
2E3CC743,assinatura,2022-07-11,familia
412BCBBD,assinatura,2022-07-11,premium
EEB8828B,assinatura,2022-07-11,familia
11BF1208,assinatura,2022-07-11,premium
F0F0D8B9,assinatura,2022-07-11,familia
0858F4E7,assinatura,2022-07-11,premium
89702C72,assinatura,2022-07-11,basico
56ACB82C,assinatura,2022-07-11,premium
1C756C98,assinatura,2022-07-11,premium
025303EA,assinatura,2022-07-11,familia
8C098FA4,assinatura,2022-07-11,basico
0A792832,assinatura,2022-07-11,basico
99B41820,assinatura,2022-07-11,basico
370EC8D7,assinatura,2022-07-11,premium
AE8A964C,assinatura,2022-07-11,familia
05735960,assinatura,2022-07-11,familia
41C13FA4,assinatura,2022-07-11,familia
CED3ECC4,assinatura,2022-07-12,familia
0C45680E,assinatura,2022-07-13,basico
7F1B9E44,assinatura,2022-07-13,basico
7FDD1CCF,assinatura,2022-07-13,premium
C152E6A2,assinatura,2022-07-13,basico
A42629B3,assinatura,2022-07-13,basico
AB25633B,assinatura,2022-07-13,basico
C9F3141F,assinatura,2022-07-13,basico
08EC216C,assinatura,2022-07-13,premium
458B0EB9,assinatura,2022-07-13,basico
5B6E8D43,assinatura,2022-07-13,familia
8A7F8EF3,assinatura,2022-07-13,basico
47A77440,assinatura,2022-07-13,familia
0CD02189,assinatura,2022-07-13,premium
ED128182,assinatura,2022-07-13,basico
874D1B8C,assinatura,2022-07-13,premium
A34C92E9,assinatura,2022-07-13,basico
64676E18,assinatura,2022-07-13,familia
98D96C7F,assinatura,2022-07-13,basico
B2573A90,assinatura,2022-07-13,familia
A50DF546,assinatura,2022-07-13,basico
39C7F7C2,assinatura,2022-07-13,premium
D9634329,assinatura,2022-07-13,premium
A221A3D3,assinatura,2022-07-13,basico
A37CE261,assinatura,2022-07-13,premium
BE0D1C60,assinatura,2022-07-14,premium
6607E69A,assinatura,2022-07-14,basico
6FC6E7BD,assinatura,2022-07-14,premium
2F9F8525,assinatura,2022-07-14,familia
6B0E606A,assinatura,2022-07-14,premium
01A76211,assinatura,2022-07-14,premium
E7423AE0,assinatura,2022-07-14,familia
F8BC9BB8,assinatura,2022-07-14,premium
809C7972,assinatura,2022-07-14,basico
76B5E494,assinatura,2022-07-14,premium
C6EF3B6A,assinatura,2022-07-14,basico
03F2A795,assinatura,2022-07-14,basico
ADC81314,assinatura,2022-07-14,familia
A1F4C00E,assinatura,2022-07-14,basico
74D03BB5,assinatura,2022-07-14,familia
EA5CB057,assinatura,2022-07-14,familia
E8D61EBB,assinatura,2022-07-14,premium
C084DCD3,assinatura,2022-07-14,basico
50D502D1,assinatura,2022-07-15,premium
9AB4D0F6,assinatura,2022-07-15,basico
A45D8AC8,assinatura,2022-07-15,familia
5EA3A092,assinatura,2022-07-15,basico
A97FCE30,assinatura,2022-07-15,basico
89795D95,assinatura,2022-07-15,familia
74A8DF7A,assinatura,2022-07-15,premium
53076897,assinatura,2022-07-15,basico
44D05581,assinatura,2022-07-15,familia
549AA22C,assinatura,2022-07-15,premium
414754A2,assinatura,2022-07-15,basico
5C254503,assinatura,2022-07-15,basico
2DC91F3E,assinatura,2022-07-15,basico
17A92A37,assinatura,2022-07-15,familia
AF7762EF,assinatura,2022-07-15,basico
C5C2E6E3,assinatura,2022-07-15,familia
241CCB9C,assinatura,2022-07-15,familia
AC38F74A,assinatura,2022-07-16,premium
FCD8CB87,assinatura,2022-07-16,premium
EEA1D218,assinatura,2022-07-16,basico
5C793E27,assinatura,2022-07-16,premium
1498EF70,assinatura,2022-07-16,familia
8FFD5013,assinatura,2022-07-16,basico
E1FDFB00,assinatura,2022-07-16,familia
43465039,assinatura,2022-07-16,familia
ED119499,assinatura,2022-07-16,familia
C52B2332,assinatura,2022-07-16,familia
6C89C946,assinatura,2022-07-16,basico
F0B113BA,assinatura,2022-07-16,familia
73B7F199,assinatura,2022-07-16,basico
E8572105,assinatura,2022-07-16,basico
0CAE1360,assinatura,2022-07-16,basico
A82431E5,assinatura,2022-07-16,basico
CF41373B,assinatura,2022-07-16,premium
6CC2B782,assinatura,2022-07-16,familia
C4C6D751,assinatura,2022-07-16,premium
A6CAF535,assinatura,2022-07-16,premium
15C022BE,assinatura,2022-07-16,familia
A5230B4D,assinatura,2022-07-16,familia
74A44123,assinatura,2022-07-16,familia
D281441A,assinatura,2022-07-16,basico
356AAB87,assinatura,2022-07-16,basico
03C4662F,assinatura,2022-07-16,premium
B7445453,assinatura,2022-07-16,premium
E988C410,assinatura,2022-07-16,premium
60CA0B41,assinatura,2022-07-16,premium
72C28516,assinatura,2022-07-16,familia
DFC834E2,assinatura,2022-07-17,basico
3FED3D2A,assinatura,2022-07-17,basico
9A8160BE,assinatura,2022-07-17,familia
14591F29,assinatura,2022-07-17,premium
A7FD47A8,assinatura,2022-07-17,basico
70BF88DD,assinatura,2022-07-17,premium
7AC96A1F,assinatura,2022-07-17,basico
DB8B0AC8,assinatura,2022-07-17,familia
33B657ED,assinatura,2022-07-17,familia
DBED9F90,assinatura,2022-07-17,basico
651C2AD0,assinatura,2022-07-17,basico
2F161D20,assinatura,2022-07-17,basico
49695661,assinatura,2022-07-17,familia
71ABD22A,assinatura,2022-07-17,familia
3F61FFB9,assinatura,2022-07-17,premium
FFCA266B,assinatura,2022-07-17,basico
2528F0AF,assinatura,2022-07-17,premium
7F19663D,assinatura,2022-07-17,premium
B6BDE43C,assinatura,2022-07-17,familia
2B4C3543,assinatura,2022-07-17,basico
0710E3EF,assinatura,2022-07-17,familia
DD99A27D,assinatura,2022-07-17,familia
7211EBEE,assinatura,2022-07-17,familia
8DF4D959,assinatura,2022-07-17,familia
F71D2F1A,assinatura,2022-07-17,basico
CA13BE81,assinatura,2022-07-17,basico
E2FDC2E1,assinatura,2022-07-17,basico
C48B8B37,assinatura,2022-07-17,basico
3E7BA0AA,assinatura,2022-07-17,basico
AB365581,assinatura,2022-07-18,basico
1622B714,assinatura,2022-07-18,premium
6AF3643D,assinatura,2022-07-18,premium
E24826AF,assinatura,2022-07-18,familia
F41BAAB4,assinatura,2022-07-18,basico
5E565787,assinatura,2022-07-18,premium
B77CC398,assinatura,2022-07-18,familia
7AD2EDE8,assinatura,2022-07-18,premium
85693BB9,assinatura,2022-07-18,familia
4F2709D6,assinatura,2022-07-18,premium
6EA89567,assinatura,2022-07-18,familia
7BAF314D,assinatura,2022-07-18,basico
5A69B7BD,assinatura,2022-07-18,premium
A9F9C4C4,assinatura,2022-07-18,basico
B1DEFF27,assinatura,2022-07-18,basico
9D059030,assinatura,2022-07-18,familia
8D72AFDD,assinatura,2022-07-19,familia
4531E235,assinatura,2022-07-19,premium
3D7EDBA6,assinatura,2022-07-19,familia
F1F4F056,assinatura,2022-07-19,basico
EDD75D37,assinatura,2022-07-19,familia
CBAD6B56,assinatura,2022-07-19,basico
843DC4AF,assinatura,2022-07-19,basico
0BB686DB,assinatura,2022-07-19,basico
EC03F874,assinatura,2022-07-19,familia
DB805662,assinatura,2022-07-19,basico
DD08C610,assinatura,2022-07-19,basico
32C84A26,assinatura,2022-07-19,familia
680F8238,assinatura,2022-07-19,premium
BDBBAA21,assinatura,2022-07-19,basico
EAFAF885,assinatura,2022-07-19,premium
162AB453,assinatura,2022-07-20,basico
829C08AD,assinatura,2022-07-20,basico
DE408215,assinatura,2022-07-20,basico
C83016F3,assinatura,2022-07-20,basico
CD26719B,assinatura,2022-07-20,familia
8AE46A0F,assinatura,2022-07-20,premium
EBDBF43A,assinatura,2022-07-20,basico
4B48B480,assinatura,2022-07-20,premium
11DE80B7,assinatura,2022-07-20,familia
C66EB4AF,assinatura,2022-07-20,premium
BF26658D,assinatura,2022-07-21,basico
690350F0,assinatura,2022-07-21,premium
501A0FA0,assinatura,2022-07-21,familia
3D6D6B70,assinatura,2022-07-21,basico
E1DBB0C6,assinatura,2022-07-21,premium
17683C2E,assinatura,2022-07-21,basico
0A4DCA71,assinatura,2022-07-21,premium
14F18327,assinatura,2022-07-22,premium
5AD53D73,assinatura,2022-07-22,basico
B61B4027,assinatura,2022-07-22,familia
7181DBAA,assinatura,2022-07-22,premium
CA4C363C,assinatura,2022-07-22,familia
D9EC3913,assinatura,2022-07-22,familia
0D9A964A,assinatura,2022-07-22,basico
25C940A4,assinatura,2022-07-22,premium
FD07CC58,assinatura,2022-07-22,premium
87142E2C,assinatura,2022-07-22,basico
E912706A,assinatura,2022-07-22,familia
0846082B,assinatura,2022-07-22,basico
EECD5D98,assinatura,2022-07-22,familia
F2A59AF1,assinatura,2022-07-22,premium
DA5EB062,assinatura,2022-07-22,basico
1A6D2914,assinatura,2022-07-23,premium
AE7DC9B2,assinatura,2022-07-23,familia
C030A329,assinatura,2022-07-23,familia
7CBF45C0,assinatura,2022-07-23,basico
0E151B33,assinatura,2022-07-23,premium
D7EF98B5,assinatura,2022-07-23,basico
A7550507,assinatura,2022-07-23,basico
0AB54D50,assinatura,2022-07-23,basico
0E6E9688,assinatura,2022-07-23,basico
8088B0A1,assinatura,2022-07-23,basico
34053112,assinatura,2022-07-23,premium
B74C7740,assinatura,2022-07-23,familia
36BD3E7B,assinatura,2022-07-23,familia
B9317383,assinatura,2022-07-24,basico
82A9009D,assinatura,2022-07-24,basico
9711DA29,assinatura,2022-07-24,premium
197E97D2,assinatura,2022-07-24,basico
F2D54D6A,assinatura,2022-07-24,familia
2E6FF264,assinatura,2022-07-24,basico
6A163DFE,assinatura,2022-07-24,basico
E80F1CB8,assinatura,2022-07-24,premium
62E5313C,assinatura,2022-07-24,basico
9E153E4A,assinatura,2022-07-24,basico
77851D6B,assinatura,2022-07-24,premium
030D27D5,assinatura,2022-07-24,basico
99D60C41,assinatura,2022-07-24,familia
E830F60D,assinatura,2022-07-25,premium
87789404,assinatura,2022-07-25,premium
F38B457D,assinatura,2022-07-25,premium
91B6D075,assinatura,2022-07-25,familia
AE1FC920,assinatura,2022-07-25,familia
6FB5640B,assinatura,2022-07-25,basico
4C927C83,assinatura,2022-07-25,premium
C227427D,assinatura,2022-07-25,basico
0FDDF247,assinatura,2022-07-25,premium
61735D5D,assinatura,2022-07-25,premium
5B43F019,assinatura,2022-07-25,familia
501F2A72,assinatura,2022-07-25,premium
AFB368E7,assinatura,2022-07-25,familia
354C60A0,assinatura,2022-07-26,basico
0112D55E,assinatura,2022-07-26,familia
9B3E9251,assinatura,2022-07-26,basico
92FE1BD6,assinatura,2022-07-26,premium
FB97BA73,assinatura,2022-07-26,familia
6B84C3CC,assinatura,2022-07-26,premium
43551E34,assinatura,2022-07-26,basico
06164498,assinatura,2022-07-26,familia
2BC5E0DF,assinatura,2022-07-26,familia
67124453,assinatura,2022-07-26,premium
EC13BB52,assinatura,2022-07-26,familia
25F57376,assinatura,2022-07-26,basico
676C7DB9,assinatura,2022-07-26,familia
38D5E539,assinatura,2022-07-26,familia
B0B15F47,assinatura,2022-07-26,premium
0E01863E,assinatura,2022-07-26,basico
5A1145CD,assinatura,2022-07-27,premium
96B11A68,assinatura,2022-07-27,familia
4A605A7A,assinatura,2022-07-27,familia
FD8E870D,assinatura,2022-07-27,premium
7A1F5261,assinatura,2022-07-27,familia
C0ABE44D,assinatura,2022-07-27,basico
1603F424,assinatura,2022-07-27,basico
3BB88AAF,assinatura,2022-07-27,basico
CD84D9E8,assinatura,2022-07-27,premium
054BD0FE,assinatura,2022-07-27,familia
E14FC01B,assinatura,2022-07-27,basico
514938C8,assinatura,2022-07-27,familia
B079CDB9,assinatura,2022-07-27,familia
843E2F4E,assinatura,2022-07-28,basico
5DF6F00C,assinatura,2022-07-28,familia
B40264E1,assinatura,2022-07-28,premium
7908D62D,assinatura,2022-07-28,basico
5CE69E41,assinatura,2022-07-28,basico
0D2BEE4D,assinatura,2022-07-28,familia
79AD2962,assinatura,2022-07-28,familia
2EFDD1F1,assinatura,2022-07-28,basico
97065074,assinatura,2022-07-28,premium
0E80CBC6,assinatura,2022-07-28,basico
B0D51DD5,assinatura,2022-07-28,premium
71BBC21D,assinatura,2022-07-28,basico
BB8722B9,assinatura,2022-07-28,familia
E2DCD91B,assinatura,2022-07-28,basico
7CC85677,assinatura,2022-07-29,premium
89AF8E7F,assinatura,2022-07-29,premium
4FEAA337,assinatura,2022-07-29,premium
7078E410,assinatura,2022-07-29,basico
D1886EF2,assinatura,2022-07-29,basico
62225DC4,assinatura,2022-07-29,familia
A9AAE711,assinatura,2022-07-29,familia
AE070D67,assinatura,2022-07-29,familia
0AC38B66,assinatura,2022-07-29,familia
EE9EB21A,assinatura,2022-07-29,basico
6B8CF3FB,assinatura,2022-07-29,basico
EB281AA9,assinatura,2022-07-29,familia
10C6B807,assinatura,2022-07-29,basico
6AD823FE,assinatura,2022-07-29,basico
3189EF27,assinatura,2022-07-30,familia
5FBEB3DE,assinatura,2022-07-30,familia
01669B1B,assinatura,2022-07-30,familia
14FA5003,assinatura,2022-07-30,familia
34416344,assinatura,2022-07-30,premium
48BBD44B,assinatura,2022-07-30,basico
FEF333C9,assinatura,2022-07-30,premium
2EC41865,assinatura,2022-07-30,basico
B0CA7AF5,assinatura,2022-07-30,familia
F77F677D,assinatura,2022-07-30,basico
FA0563D6,assinatura,2022-07-30,basico
DB849F34,assinatura,2022-07-30,familia
BD0B6210,assinatura,2022-07-30,basico
231765A4,assinatura,2022-07-31,premium
8DA568F3,assinatura,2022-07-31,premium
41E92E6B,assinatura,2022-07-31,premium
AABB1DE0,assinatura,2022-07-31,premium
82E021DA,assinatura,2022-07-31,familia
C03F1A82,assinatura,2022-07-31,basico
7978E92F,assinatura,2022-07-31,familia
A63BF043,assinatura,2022-07-31,basico
9C4F6098,assinatura,2022-07-31,premium
E3927CE6,assinatura,2022-07-31,basico
7B31AB16,assinatura,2022-07-31,basico
F6F59EF1,assinatura,2022-07-31,premium
E616FE9D,assinatura,2022-08-05,basico
8E62D5E8,assinatura,2022-08-06,basico
E77C2E7C,assinatura,2022-08-06,premium
5AC9DEF0,assinatura,2022-08-06,basico
4A9CB678,assinatura,2022-08-07,premium
79AADFC2,assinatura,2022-08-07,premium
C7A2BAEB,assinatura,2022-08-07,familia
95BC8B56,assinatura,2022-08-07,familia
ABFFB78C,assinatura,2022-08-07,basico
11F1BBD3,assinatura,2022-08-07,premium
DCE92740,assinatura,2022-08-07,premium
CE152903,assinatura,2022-08-07,basico
8C71B43B,assinatura,2022-08-07,premium
079236BD,assinatura,2022-08-07,basico
2BB49B45,assinatura,2022-08-07,premium
9AE05F29,assinatura,2022-08-07,basico
E4DDB984,assinatura,2022-08-08,premium
8F0AD10F,assinatura,2022-08-08,basico
A1FE3E6E,assinatura,2022-08-08,basico
0271F19A,assinatura,2022-08-08,basico
5D8DCF81,assinatura,2022-08-08,basico
5E580697,assinatura,2022-08-09,familia
1401E02A,assinatura,2022-08-09,familia
6BF624F6,assinatura,2022-08-09,basico
5E98080C,assinatura,2022-08-09,familia
A52FA4BE,assinatura,2022-08-09,premium
D755E3F9,assinatura,2022-08-09,familia
3AC6B145,assinatura,2022-08-09,familia
6FF64F0E,assinatura,2022-08-09,basico
1457591B,assinatura,2022-08-09,premium
61820ED7,assinatura,2022-08-10,basico
15A7C7A9,assinatura,2022-08-10,familia
B161816E,assinatura,2022-08-10,premium
55E9F981,assinatura,2022-08-10,familia
E42E5ACE,assinatura,2022-08-10,premium
8B914DE7,assinatura,2022-08-10,familia
D861D08C,assinatura,2022-08-10,premium
3A70A4DA,assinatura,2022-08-10,familia
39932A26,assinatura,2022-08-10,basico
C0135D81,assinatura,2022-08-10,familia
FA3FB5E4,assinatura,2022-08-10,premium
B32B0746,assinatura,2022-08-10,basico
27C920E4,assinatura,2022-08-10,premium
6D085F09,assinatura,2022-08-10,familia
2C8D4F6D,assinatura,2022-08-10,basico
07C8896D,assinatura,2022-08-10,basico
83AE2D92,assinatura,2022-08-10,familia
DC9FB7DF,assinatura,2022-08-10,basico
72728ABC,assinatura,2022-08-10,basico
EF0F13A5,assinatura,2022-08-11,basico
CA8D2E01,assinatura,2022-08-11,basico
D16F9DD0,assinatura,2022-08-11,basico
FD789CD9,assinatura,2022-08-11,basico
EB140CED,assinatura,2022-08-11,basico
66D2E4D8,assinatura,2022-08-11,basico
5F9C5DFD,assinatura,2022-08-11,basico
31981062,assinatura,2022-08-11,basico
424DDA59,assinatura,2022-08-11,familia
F8EF0FDD,assinatura,2022-08-11,familia
96E913EA,assinatura,2022-08-11,familia
4369BC22,assinatura,2022-08-11,familia
A77D6601,assinatura,2022-08-11,basico
B2EA48DF,assinatura,2022-08-11,premium
54C66CB4,assinatura,2022-08-11,basico
1B75F088,assinatura,2022-08-11,basico
8EAA270F,assinatura,2022-08-11,premium
40D773E0,assinatura,2022-08-11,basico
FBCCCBA8,assinatura,2022-08-11,basico
A81ED385,assinatura,2022-08-11,premium
24437125,assinatura,2022-08-12,basico
4F07117B,assinatura,2022-08-13,premium
44FF5AE9,assinatura,2022-08-13,familia
011735D0,assinatura,2022-08-13,basico
C6DC4A54,assinatura,2022-08-13,basico
BA5B0F4F,assinatura,2022-08-13,premium
EA43AA28,assinatura,2022-08-13,basico
B7D1B89B,assinatura,2022-08-13,premium
D54444C1,assinatura,2022-08-13,familia
34355548,assinatura,2022-08-13,familia
F2C2520A,assinatura,2022-08-13,familia
4F4A09A4,assinatura,2022-08-13,basico
8559C354,assinatura,2022-08-13,basico
4405FDF9,assinatura,2022-08-13,familia
C31B188E,assinatura,2022-08-13,basico
28CBC9D4,assinatura,2022-08-13,familia
C0118684,assinatura,2022-08-13,premium
365442A8,assinatura,2022-08-13,familia
402C50B1,assinatura,2022-08-13,basico
FD745D54,assinatura,2022-08-13,familia
B788B521,assinatura,2022-08-14,premium
1B00614B,assinatura,2022-08-14,premium
D20EF552,assinatura,2022-08-14,premium
989191E5,assinatura,2022-08-14,basico
BA29254D,assinatura,2022-08-14,basico
CA4F7F3C,assinatura,2022-08-14,basico
CEA8DE8B,assinatura,2022-08-14,basico
E5A4155B,assinatura,2022-08-14,basico
D664AE3F,assinatura,2022-08-14,familia
C9BEFD98,assinatura,2022-08-14,basico
EDE89BE6,assinatura,2022-08-14,premium
0E034329,assinatura,2022-08-14,familia
87721A63,assinatura,2022-08-14,basico
C1822E45,assinatura,2022-08-14,premium
96C7C107,assinatura,2022-08-14,basico
A5BC001A,assinatura,2022-08-14,premium
27B43706,assinatura,2022-08-14,familia
38C05FC8,assinatura,2022-08-14,basico
A5029FD3,assinatura,2022-08-15,premium
C474B8CA,assinatura,2022-08-15,basico
DA3F0C52,assinatura,2022-08-15,familia
F33D4C15,assinatura,2022-08-15,basico
DAAD5361,assinatura,2022-08-15,basico
CB652FA3,assinatura,2022-08-15,premium
F2A99549,assinatura,2022-08-15,basico
28F31113,assinatura,2022-08-15,premium
01CCD588,assinatura,2022-08-15,basico
A105B301,assinatura,2022-08-15,familia
1194BA1E,assinatura,2022-08-15,familia
F305AEA7,assinatura,2022-08-15,premium
11563B49,assinatura,2022-08-15,familia
50A56375,assinatura,2022-08-15,basico
F3E032C4,assinatura,2022-08-15,premium
E24F93C1,assinatura,2022-08-16,basico
D967FB2F,assinatura,2022-08-16,premium
FAF6580C,assinatura,2022-08-16,premium
949D2364,assinatura,2022-08-16,premium
F4C09495,assinatura,2022-08-16,basico
120B4C24,assinatura,2022-08-16,premium
B86EBF4D,assinatura,2022-08-16,familia
BCA972CC,assinatura,2022-08-16,premium
45C5E1F3,assinatura,2022-08-16,basico
07855D30,assinatura,2022-08-16,familia
8B8CB668,assinatura,2022-08-16,familia
A84651F3,assinatura,2022-08-16,premium
8BAF7099,assinatura,2022-08-16,basico
3389B32A,assinatura,2022-08-16,familia
F3389663,assinatura,2022-08-16,familia
9B3266DA,assinatura,2022-08-16,premium
D2CF088E,assinatura,2022-08-16,familia
2FD0201F,assinatura,2022-08-16,premium
11398157,assinatura,2022-08-16,familia
6EC4763E,assinatura,2022-08-16,basico
681B9904,assinatura,2022-08-16,basico
C1B65836,assinatura,2022-08-16,premium
0A366546,assinatura,2022-08-16,familia
588B757C,assinatura,2022-08-17,familia
23DC9755,assinatura,2022-08-17,basico
5999345D,assinatura,2022-08-17,basico
51C70141,assinatura,2022-08-17,premium
41D118E2,assinatura,2022-08-17,basico
080ADBA8,assinatura,2022-08-17,basico
C7C2B8EA,assinatura,2022-08-17,premium
C9A099E4,assinatura,2022-08-17,basico
2E064433,assinatura,2022-08-17,familia
0CDEFFB8,assinatura,2022-08-18,premium
FA2D77EC,assinatura,2022-08-18,basico
208859FD,assinatura,2022-08-18,basico
6B624647,assinatura,2022-08-18,familia
97F5C016,assinatura,2022-08-18,premium
0ED8C260,assinatura,2022-08-18,familia
C652D012,assinatura,2022-08-18,basico
E7B4684C,assinatura,2022-08-18,basico
23CC6647,assinatura,2022-08-18,basico
4B69FDDE,assinatura,2022-08-18,premium
B30F9469,assinatura,2022-08-18,premium
CE020745,assinatura,2022-08-19,familia
CE2F72BE,assinatura,2022-08-19,premium
C82C0B1D,assinatura,2022-08-19,familia
DEC40FD5,assinatura,2022-08-19,basico
BE4EA242,assinatura,2022-08-19,premium
CB046944,assinatura,2022-08-20,premium
C9BC83A0,assinatura,2022-08-20,premium
8B600433,assinatura,2022-08-20,basico
370C6972,assinatura,2022-08-20,basico
3F5285AB,assinatura,2022-08-20,basico
4A04D16B,assinatura,2022-08-20,basico
47B0851C,assinatura,2022-08-20,premium
A81AA2B0,assinatura,2022-08-20,basico
BA420C24,assinatura,2022-08-20,familia
4EFD37E2,assinatura,2022-08-20,premium
446C26DE,assinatura,2022-08-20,premium
56C1973E,assinatura,2022-08-20,basico
7F66086C,assinatura,2022-08-20,premium
696F8F5B,assinatura,2022-08-21,basico
5448FAA7,assinatura,2022-08-21,basico
C45109E9,assinatura,2022-08-21,premium
8E3F9AE7,assinatura,2022-08-21,premium
299CE5BD,assinatura,2022-08-21,familia
7AB75CE0,assinatura,2022-08-21,basico
4B69518B,assinatura,2022-08-21,premium
B24ECDF1,assinatura,2022-08-21,basico
263A746C,assinatura,2022-08-21,basico
67827BC0,assinatura,2022-08-21,basico
B1B6284D,assinatura,2022-08-22,familia
571C9EB6,assinatura,2022-08-22,familia
731C82F3,assinatura,2022-08-22,premium
E7FCC6F8,assinatura,2022-08-22,premium
F5DEC438,assinatura,2022-08-22,familia
1EBB8E27,assinatura,2022-08-22,familia
294E2DE0,assinatura,2022-08-22,premium
7E3D010B,assinatura,2022-08-23,premium
0889E95D,assinatura,2022-08-23,basico
A4ECEFDF,assinatura,2022-08-23,basico
A1B832C5,assinatura,2022-08-23,basico
C4D791D7,assinatura,2022-08-23,basico
2EBAF05E,assinatura,2022-08-23,basico
D5AB594D,assinatura,2022-08-23,basico
0187B80F,assinatura,2022-08-23,familia
0A41C26B,assinatura,2022-08-23,basico
AEF6BD27,assinatura,2022-08-24,familia
35D0464C,assinatura,2022-08-24,basico
D2B4D4BF,assinatura,2022-08-24,familia
150B43A9,assinatura,2022-08-24,premium
8BD1B22B,assinatura,2022-08-24,basico
E8C1D663,assinatura,2022-08-24,premium
58C0DAC2,assinatura,2022-08-25,basico
56BDCA70,assinatura,2022-08-25,familia
237D4F36,assinatura,2022-08-25,basico
FC248AC7,assinatura,2022-08-25,premium
F9089DFF,assinatura,2022-08-25,premium
C0F5166E,assinatura,2022-08-25,familia
8BA74F53,assinatura,2022-08-25,basico
DC8D9C7E,assinatura,2022-08-25,basico
F657A307,assinatura,2022-08-25,familia
CDDE7385,assinatura,2022-08-25,familia
FADEE6D7,assinatura,2022-08-25,familia
5699AA85,assinatura,2022-08-25,premium
E4EF6E48,assinatura,2022-08-25,premium
D48C3F5A,assinatura,2022-08-26,basico
6177BDDB,assinatura,2022-08-26,familia
52DC270B,assinatura,2022-08-26,basico
B6A51F90,assinatura,2022-08-26,premium
296101E6,assinatura,2022-08-26,basico
9EF91D58,assinatura,2022-08-26,basico
9AF67A33,assinatura,2022-08-26,premium
32F26751,assinatura,2022-08-27,premium
68BE86CE,assinatura,2022-08-27,premium
04FE7914,assinatura,2022-08-27,familia
67A81074,assinatura,2022-08-27,premium
5552B248,assinatura,2022-08-27,basico
98436365,assinatura,2022-08-27,premium
73BE0F68,assinatura,2022-08-27,familia
FE4725C6,assinatura,2022-08-27,basico
6F058C8B,assinatura,2022-08-27,familia
2ED23353,assinatura,2022-08-27,premium
502F76C8,assinatura,2022-08-27,basico
533DFBE2,assinatura,2022-08-27,familia
1F8B49EC,assinatura,2022-08-27,premium
820BCB77,assinatura,2022-08-27,basico
3EAFB740,assinatura,2022-08-28,premium
ECF44B1D,assinatura,2022-08-28,premium
9D1BA2E7,assinatura,2022-08-28,familia
B1B83793,assinatura,2022-08-28,basico
0F82344E,assinatura,2022-08-28,premium
1F9EAEEA,assinatura,2022-08-28,premium
EBA9BACF,assinatura,2022-08-28,premium
FCB6DD17,assinatura,2022-08-28,premium
DB0A1461,assinatura,2022-08-29,familia
0458709F,assinatura,2022-08-29,basico
1821878D,assinatura,2022-08-29,basico
80422A56,assinatura,2022-08-29,premium
31D10AB3,assinatura,2022-08-29,basico
E8246051,assinatura,2022-08-29,familia
A96C2340,assinatura,2022-08-29,basico
12E6CDAB,assinatura,2022-08-29,premium
F857EED0,assinatura,2022-08-29,familia
FE793D92,assinatura,2022-08-29,premium
C9B34F9E,assinatura,2022-08-29,basico
B6818E82,assinatura,2022-08-29,basico
33680F41,assinatura,2022-08-29,basico
8FBA7551,assinatura,2022-08-29,basico
7C1EA114,assinatura,2022-08-29,basico
E92B06AB,assinatura,2022-08-30,familia
0106959A,assinatura,2022-08-30,basico
2BDDA6F7,assinatura,2022-08-30,familia
EB5AA6FF,assinatura,2022-08-30,familia
79DAE36E,assinatura,2022-08-30,premium
C4BD76B6,assinatura,2022-08-30,familia
05714D5A,assinatura,2022-08-30,premium
85FA1E39,assinatura,2022-08-30,basico
1CB0394A,assinatura,2022-08-30,familia
4DC458D2,assinatura,2022-08-31,familia
E3C04A9B,assinatura,2022-08-31,familia
8A3F22FD,assinatura,2022-08-31,basico
3E90C927,assinatura,2022-08-31,basico
BAE7D841,assinatura,2022-08-31,familia
FB253AB3,assinatura,2022-08-31,premium
5B170354,assinatura,2022-08-31,basico
9F04D08A,assinatura,2022-08-31,basico
DED03167,assinatura,2022-08-31,basico
2B5FCD04,assinatura,2022-08-31,basico
1DE72712,assinatura,2022-09-06,basico
64EAA26E,assinatura,2022-09-06,basico
8B7E64BE,assinatura,2022-09-06,basico
74B48DA7,assinatura,2022-09-06,familia
3E9334E5,assinatura,2022-09-06,premium
DD15DE62,assinatura,2022-09-06,premium
D64A3FE9,assinatura,2022-09-07,familia
EB90EC70,assinatura,2022-09-07,basico
FF351831,assinatura,2022-09-07,basico
ECDC4E3D,assinatura,2022-09-07,familia
F8E73ABD,assinatura,2022-09-07,premium
054D093D,assinatura,2022-09-07,premium
C37B8759,assinatura,2022-09-07,basico
FBB096E7,assinatura,2022-09-07,premium
054A2F53,assinatura,2022-09-07,premium
4F18FCE4,assinatura,2022-09-07,premium
04145440,assinatura,2022-09-07,basico
F090764F,assinatura,2022-09-07,basico
FF68CD56,assinatura,2022-09-07,basico
4F8DC9E8,assinatura,2022-09-07,basico
45E0CF8E,assinatura,2022-09-07,familia
6089E77A,assinatura,2022-09-08,basico
8E13097A,assinatura,2022-09-08,familia
5F8A9572,assinatura,2022-09-08,familia
75C387C5,assinatura,2022-09-08,premium
74DA8345,assinatura,2022-09-08,basico
D4A021D4,assinatura,2022-09-08,familia
82BB84B7,assinatura,2022-09-08,familia
0548DD31,assinatura,2022-09-08,basico
B36C3202,assinatura,2022-09-08,basico
62510512,assinatura,2022-09-08,basico
19D18882,assinatura,2022-09-08,premium
40C5BE32,assinatura,2022-09-08,basico
16F3220A,assinatura,2022-09-08,premium
0305C6AB,assinatura,2022-09-08,premium
C195A149,assinatura,2022-09-08,familia
61AAB501,assinatura,2022-09-09,premium
E4C775D7,assinatura,2022-09-09,basico
1C4014F6,assinatura,2022-09-09,familia
39810003,assinatura,2022-09-09,familia
1C692594,assinatura,2022-09-09,basico
4710FE9B,assinatura,2022-09-09,premium
7D9A3C49,assinatura,2022-09-09,premium
73DBB13E,assinatura,2022-09-09,premium
C0B1DA09,assinatura,2022-09-09,basico
26B11425,assinatura,2022-09-10,familia
2E1CC231,assinatura,2022-09-10,basico
E68E420F,assinatura,2022-09-10,basico
52AA3311,assinatura,2022-09-10,familia
C556D27C,assinatura,2022-09-10,premium
23987F2B,assinatura,2022-09-10,basico
4CB01B0D,assinatura,2022-09-10,familia
2184E3C1,assinatura,2022-09-10,familia
0399A631,assinatura,2022-09-10,familia
32AD303E,assinatura,2022-09-10,familia
22219E28,assinatura,2022-09-10,premium
46800464,assinatura,2022-09-10,familia
16B6C889,assinatura,2022-09-10,familia
D9EC1D7B,assinatura,2022-09-10,premium
5AF49683,assinatura,2022-09-10,familia
02DC0EE0,assinatura,2022-09-10,basico
EC039C4E,assinatura,2022-09-11,premium
E5023302,assinatura,2022-09-11,basico
57171414,assinatura,2022-09-11,basico
4213C25F,assinatura,2022-09-11,familia
182484F0,assinatura,2022-09-11,familia
2EBEA603,assinatura,2022-09-11,basico
3C9C0B28,assinatura,2022-09-11,premium
14F3CEB7,assinatura,2022-09-11,basico
86909ECC,assinatura,2022-09-11,basico
59EB701E,assinatura,2022-09-11,basico
620F1235,assinatura,2022-09-11,premium
ACB51E84,assinatura,2022-09-11,familia
B800F2F9,assinatura,2022-09-11,familia
0FEA4D04,assinatura,2022-09-11,premium
F1E1384A,assinatura,2022-09-11,premium
BF8E8258,assinatura,2022-09-11,basico
09B75A60,assinatura,2022-09-11,basico
5BC87821,assinatura,2022-09-11,premium
59AE500F,assinatura,2022-09-11,basico
1BCE021B,assinatura,2022-09-11,familia
8C168834,assinatura,2022-09-12,familia
8CF9A4DD,assinatura,2022-09-13,basico
E1397CC0,assinatura,2022-09-13,familia
7DDCCFC4,assinatura,2022-09-13,premium
F6E7A0A5,assinatura,2022-09-13,premium
F921FD6D,assinatura,2022-09-13,basico
52B207E1,assinatura,2022-09-13,basico
69ADC881,assinatura,2022-09-13,basico
C5422CAE,assinatura,2022-09-13,basico
ACFDE10B,assinatura,2022-09-13,familia
DC724869,assinatura,2022-09-13,basico
410CD669,assinatura,2022-09-13,basico
8DD325E4,assinatura,2022-09-13,premium
AB0A3477,assinatura,2022-09-13,premium
D19C33F8,assinatura,2022-09-13,basico
2FE3543F,assinatura,2022-09-13,familia
9F3F685A,assinatura,2022-09-13,basico
A61830DB,assinatura,2022-09-14,basico
977E3957,assinatura,2022-09-14,basico
C7091E87,assinatura,2022-09-14,basico
CC57D653,assinatura,2022-09-14,premium
B9A10C4D,assinatura,2022-09-14,premium
D50682BD,assinatura,2022-09-14,premium
FA1D3F12,assinatura,2022-09-14,basico
2C09AF31,assinatura,2022-09-14,familia
48A65A54,assinatura,2022-09-14,basico
7819B181,assinatura,2022-09-14,familia
546B74F8,assinatura,2022-09-14,premium
7CC94A55,assinatura,2022-09-14,familia
C1362677,assinatura,2022-09-14,familia
80834AEA,assinatura,2022-09-14,familia
634357C5,assinatura,2022-09-14,familia
114354A3,assinatura,2022-09-15,basico
8B881A9F,assinatura,2022-09-15,basico
207AD936,assinatura,2022-09-15,familia
70DEB8C0,assinatura,2022-09-15,basico
87C09E94,assinatura,2022-09-15,familia
D486117B,assinatura,2022-09-15,basico
90773A15,assinatura,2022-09-15,familia
6881FF70,assinatura,2022-09-15,premium
EB911D45,assinatura,2022-09-15,familia
1A7B7873,assinatura,2022-09-15,premium
8096EF10,assinatura,2022-09-15,basico
16DFE202,assinatura,2022-09-15,familia
8CD920D5,assinatura,2022-09-15,basico
8829B95F,assinatura,2022-09-15,premium
5A44A4A4,assinatura,2022-09-15,familia
4AD633F8,assinatura,2022-09-15,basico
EE22CF6F,assinatura,2022-09-16,familia
2ABB3E40,assinatura,2022-09-16,familia
C5E794F2,assinatura,2022-09-16,basico
82D71FDB,assinatura,2022-09-16,premium
2703AFAC,assinatura,2022-09-16,premium
CA86E7B1,assinatura,2022-09-16,familia
E96C828B,assinatura,2022-09-16,familia
F3FAD34D,assinatura,2022-09-16,basico
8FF8B128,assinatura,2022-09-16,familia
E7A21182,assinatura,2022-09-16,premium
C228FE5E,assinatura,2022-09-16,basico
D2E658C0,assinatura,2022-09-16,basico
CDA466E3,assinatura,2022-09-16,familia
6EA0458F,assinatura,2022-09-16,familia
86635B88,assinatura,2022-09-16,basico
73FB7600,assinatura,2022-09-16,familia
ABFC53F2,assinatura,2022-09-17,premium
BC4F3EAC,assinatura,2022-09-17,premium
B2D06E3D,assinatura,2022-09-17,familia
003D1270,assinatura,2022-09-17,familia
6C35395E,assinatura,2022-09-17,premium
34CC3073,assinatura,2022-09-17,familia
BE0D9F9E,assinatura,2022-09-17,premium
1A6F2A91,assinatura,2022-09-17,familia
B3ED82DE,assinatura,2022-09-17,basico
A33D7791,assinatura,2022-09-17,premium
E1D076A1,assinatura,2022-09-17,basico
BC4E618C,assinatura,2022-09-17,basico
9DF26322,assinatura,2022-09-17,basico
D0F5B562,assinatura,2022-09-17,familia
58EE06CD,assinatura,2022-09-17,familia
91518D19,assinatura,2022-09-17,basico
4A9C3442,assinatura,2022-09-17,basico
DAC5605B,assinatura,2022-09-17,familia
725B71D4,assinatura,2022-09-17,familia
57CBD92E,assinatura,2022-09-17,familia
3E35EF08,assinatura,2022-09-17,premium
31C2D3F1,assinatura,2022-09-18,premium
F544E12E,assinatura,2022-09-18,familia
64831FD4,assinatura,2022-09-18,basico
E4E2B4A2,assinatura,2022-09-18,basico
629B6577,assinatura,2022-09-18,familia
851E3E4C,assinatura,2022-09-18,familia
667793AA,assinatura,2022-09-18,premium
1FE7A723,assinatura,2022-09-18,basico
3CE04092,assinatura,2022-09-18,basico
2D9E58E2,assinatura,2022-09-18,basico
5BCA4E31,assinatura,2022-09-18,familia
D41468A4,assinatura,2022-09-19,basico
5F076898,assinatura,2022-09-19,familia
6FF34383,assinatura,2022-09-19,premium
B552E4AD,assinatura,2022-09-19,familia
AB5676CF,assinatura,2022-09-19,familia
0373E075,assinatura,2022-09-19,familia
1829FEDF,assinatura,2022-09-19,basico
84220F1E,assinatura,2022-09-19,premium
0B85219E,assinatura,2022-09-19,familia
34A823C5,assinatura,2022-09-19,familia
52390AC6,assinatura,2022-09-19,premium
43CF6A75,assinatura,2022-09-20,basico
60671C0D,assinatura,2022-09-20,basico
2C9A0C06,assinatura,2022-09-20,familia
E61CDC9C,assinatura,2022-09-20,basico
69EE6702,assinatura,2022-09-20,familia
88D2B993,assinatura,2022-09-20,familia
4264533A,assinatura,2022-09-20,premium
CB47F365,assinatura,2022-09-21,premium
F0D4072C,assinatura,2022-09-21,familia
7B86AB06,assinatura,2022-09-21,premium
BE016CC1,assinatura,2022-09-21,premium
0F500D31,assinatura,2022-09-21,basico
F16B9EB9,assinatura,2022-09-21,basico
CDF670F5,assinatura,2022-09-21,basico
01A268CC,assinatura,2022-09-21,basico
F864F9C7,assinatura,2022-09-21,basico
207C1999,assinatura,2022-09-22,basico
54AD455A,assinatura,2022-09-22,basico
8FDB1FD3,assinatura,2022-09-22,premium
9D1AE237,assinatura,2022-09-22,familia
1A1F611D,assinatura,2022-09-22,premium
1F168804,assinatura,2022-09-22,familia
731735FD,assinatura,2022-09-23,basico
303315E1,assinatura,2022-09-23,basico
0778F372,assinatura,2022-09-23,basico
B54E602D,assinatura,2022-09-23,familia
61EC5ECE,assinatura,2022-09-23,premium
72AC54A6,assinatura,2022-09-23,basico
3521F7C7,assinatura,2022-09-23,familia
08C155EE,assinatura,2022-09-23,basico
1C71D70D,assinatura,2022-09-23,basico
8373E2CD,assinatura,2022-09-23,familia
FABCCCE2,assinatura,2022-09-23,premium
C44B2B90,assinatura,2022-09-23,basico
AF287103,assinatura,2022-09-23,basico
75634E56,assinatura,2022-09-23,premium
39038EBB,assinatura,2022-09-24,premium
BBBDCB65,assinatura,2022-09-24,familia
9DB0707E,assinatura,2022-09-24,familia
670F1879,assinatura,2022-09-24,premium
ED9D0C1A,assinatura,2022-09-24,familia
14175236,assinatura,2022-09-24,familia
39BF4166,assinatura,2022-09-24,basico
253E963C,assinatura,2022-09-25,familia
1A9BA877,assinatura,2022-09-25,basico
061D2679,assinatura,2022-09-25,premium
3E95CE1F,assinatura,2022-09-25,familia
83265535,assinatura,2022-09-25,basico
55E91EF9,assinatura,2022-09-25,basico
6CB12F6E,assinatura,2022-09-25,basico
E015AC13,assinatura,2022-09-25,familia
221F638A,assinatura,2022-09-26,basico
9E82546C,assinatura,2022-09-26,basico
7196C0FA,assinatura,2022-09-26,familia
CBDC9217,assinatura,2022-09-26,basico
A61AE190,assinatura,2022-09-26,premium
980E9CA4,assinatura,2022-09-26,basico
86D1E884,assinatura,2022-09-26,premium
7681E703,assinatura,2022-09-27,familia
F40786F7,assinatura,2022-09-27,familia
EFEF757D,assinatura,2022-09-27,familia
57F7869D,assinatura,2022-09-27,familia
676421AA,assinatura,2022-09-27,familia
3C0E863D,assinatura,2022-09-27,familia
FDB9C7CF,assinatura,2022-09-27,basico
4559FA15,assinatura,2022-09-27,familia
87E0F8D5,assinatura,2022-09-27,familia
ACEE0719,assinatura,2022-09-27,familia
AE9831A4,assinatura,2022-09-27,premium
5CC85463,assinatura,2022-09-27,premium
3E06CE67,assinatura,2022-09-27,familia
6490B932,assinatura,2022-09-27,basico
AF682DA2,assinatura,2022-09-27,premium
728A2B4C,assinatura,2022-09-27,familia
58F29DF1,assinatura,2022-09-27,basico
D01AB3F9,assinatura,2022-09-28,familia
81E4C692,assinatura,2022-09-28,familia
70786F83,assinatura,2022-09-28,basico
90DEBBE1,assinatura,2022-09-28,premium
565431E8,assinatura,2022-09-28,basico
0B1E6BDF,assinatura,2022-09-28,basico
0171B839,assinatura,2022-09-28,premium
27F56D42,assinatura,2022-09-28,familia
30E2ACE1,assinatura,2022-09-28,premium
80D3BAC3,assinatura,2022-09-28,premium
13DACD43,assinatura,2022-09-28,premium
AEC0B18E,assinatura,2022-09-28,familia
3AFBD8FC,assinatura,2022-09-28,premium
919238F9,assinatura,2022-09-28,basico
9B6E8363,assinatura,2022-09-29,premium
FBE339E4,assinatura,2022-09-29,basico
64DFE135,assinatura,2022-09-29,premium
2D44541B,assinatura,2022-09-29,familia
64AB61C4,assinatura,2022-09-29,basico
7B67E7AC,assinatura,2022-09-29,basico
1E2D83F8,assinatura,2022-09-29,familia
72D64737,assinatura,2022-09-29,basico
4519457F,assinatura,2022-09-29,basico
A23681A7,assinatura,2022-09-29,basico
9E024956,assinatura,2022-09-29,familia
AD5A111D,assinatura,2022-09-30,premium
C91F80D8,assinatura,2022-09-30,premium
2DB01566,assinatura,2022-09-30,premium
5D6CA242,assinatura,2022-09-30,familia
E70F9486,assinatura,2022-09-30,familia
0709C0D3,assinatura,2022-09-30,familia
DABC9CA7,assinatura,2022-09-30,premium
37FC1A48,assinatura,2022-09-30,premium
9FED153E,assinatura,2022-09-30,familia
2740192B,assinatura,2022-09-30,familia
E8AA06B1,assinatura,2022-09-30,basico
A37CEF9B,assinatura,2022-09-30,premium
98BF5C4B,assinatura,2022-09-30,basico
B43DA9A1,assinatura,2022-10-06,premium
7BA1D334,assinatura,2022-10-06,basico
D97E67C8,assinatura,2022-10-06,premium
C834AF76,assinatura,2022-10-06,premium
E18615BB,assinatura,2022-10-06,basico
A435CFF5,assinatura,2022-10-06,premium
AA7D9F84,assinatura,2022-10-06,basico
BE2986E3,assinatura,2022-10-06,familia
5AAA8E32,assinatura,2022-10-07,premium
7F3FC263,assinatura,2022-10-07,familia
14B317D1,assinatura,2022-10-07,familia
F74ABB4C,assinatura,2022-10-07,basico
2EC237D2,assinatura,2022-10-07,basico
5A0E4735,assinatura,2022-10-07,familia
E4F63115,assinatura,2022-10-07,basico
C618E2D7,assinatura,2022-10-07,premium
2763B22A,assinatura,2022-10-07,familia
CE6A9E9D,assinatura,2022-10-07,premium
1A0EB590,assinatura,2022-10-07,premium
3B3254C9,assinatura,2022-10-08,basico
95CB8766,assinatura,2022-10-08,premium
C025BFF6,assinatura,2022-10-08,premium
2DFBB1B2,assinatura,2022-10-08,premium
60041389,assinatura,2022-10-08,familia
E5DF2861,assinatura,2022-10-08,basico
39629D65,assinatura,2022-10-08,familia
DC557885,assinatura,2022-10-08,familia
8766A34E,assinatura,2022-10-08,premium
6601CD12,assinatura,2022-10-08,familia
2FE7271D,assinatura,2022-10-08,basico
5B0C983E,assinatura,2022-10-08,basico
783FA49F,assinatura,2022-10-08,familia
919856B7,assinatura,2022-10-08,basico
747D1537,assinatura,2022-10-08,familia
B8469214,assinatura,2022-10-09,familia
40C5612C,assinatura,2022-10-09,premium
E95C345D,assinatura,2022-10-09,familia
2FB62667,assinatura,2022-10-09,premium
7D529F6A,assinatura,2022-10-09,basico
BAD44202,assinatura,2022-10-09,familia
F2E404A4,assinatura,2022-10-09,basico
C688F84F,assinatura,2022-10-09,basico
966798DF,assinatura,2022-10-09,premium
154D1AE4,assinatura,2022-10-10,premium
D6B7BCCC,assinatura,2022-10-10,familia
6BCEB23B,assinatura,2022-10-10,premium
58F852D7,assinatura,2022-10-10,basico
2122F11B,assinatura,2022-10-10,premium
3B301F18,assinatura,2022-10-10,basico
B9058C49,assinatura,2022-10-10,familia
1C5DAD3A,assinatura,2022-10-10,familia
C09E1D31,assinatura,2022-10-10,familia
EA439FA4,assinatura,2022-10-10,basico
4B52A976,assinatura,2022-10-10,basico
CE751752,assinatura,2022-10-10,familia
6361366D,assinatura,2022-10-10,familia
068E4889,assinatura,2022-10-10,premium
7255C6BB,assinatura,2022-10-10,familia
C8026365,assinatura,2022-10-10,familia
21D14B2A,assinatura,2022-10-10,familia
7BAAEF9A,assinatura,2022-10-11,familia
72BE9CC9,assinatura,2022-10-11,familia
D477A275,assinatura,2022-10-11,basico
CB6F4B9C,assinatura,2022-10-11,familia
CDC1FC01,assinatura,2022-10-11,basico
CCB4E091,assinatura,2022-10-11,premium
3C981C34,assinatura,2022-10-11,premium
8F29DC80,assinatura,2022-10-11,premium
562B0996,assinatura,2022-10-11,premium
11E39DFC,assinatura,2022-10-11,premium
EDACAB99,assinatura,2022-10-11,basico
A2CF5ACA,assinatura,2022-10-11,basico
5D24EC53,assinatura,2022-10-11,basico
AE960C7E,assinatura,2022-10-11,basico
8E577885,assinatura,2022-10-12,premium
DEF6B15B,assinatura,2022-10-13,familia
EDE90F6A,assinatura,2022-10-13,basico
3A3AECD6,assinatura,2022-10-13,familia
CF98252A,assinatura,2022-10-13,basico
530BF9B9,assinatura,2022-10-13,basico
0FFB7F70,assinatura,2022-10-13,premium
8B72AF15,assinatura,2022-10-13,basico
B43AB827,assinatura,2022-10-13,basico
3BFDC7C7,assinatura,2022-10-13,premium
608D23C1,assinatura,2022-10-13,basico
AA040334,assinatura,2022-10-13,basico
88E2654F,assinatura,2022-10-14,familia
93FBEB02,assinatura,2022-10-14,basico
292E4397,assinatura,2022-10-14,premium
EDE7C57E,assinatura,2022-10-14,familia
6E121A95,assinatura,2022-10-14,basico
9184D2DB,assinatura,2022-10-14,familia
F653DAD6,assinatura,2022-10-14,familia
3405C64C,assinatura,2022-10-14,familia
1211DBD0,assinatura,2022-10-14,basico
870BB586,assinatura,2022-10-14,premium
6133C46F,assinatura,2022-10-14,familia
103CDEC5,assinatura,2022-10-14,premium
A95C679A,assinatura,2022-10-14,premium
B16300B4,assinatura,2022-10-14,basico
BEC63037,assinatura,2022-10-14,premium
7C57E94D,assinatura,2022-10-14,basico
0A80FE7C,assinatura,2022-10-14,basico
11D3A3CC,assinatura,2022-10-14,premium
0534BF5C,assinatura,2022-10-14,premium
7017FEE6,assinatura,2022-10-14,basico
58022F08,assinatura,2022-10-15,premium
74DD4522,assinatura,2022-10-15,familia
4A3E6468,assinatura,2022-10-15,basico
29B01912,assinatura,2022-10-15,familia
6C49DE9C,assinatura,2022-10-15,premium
5C17DB65,assinatura,2022-10-15,familia
7BF87B58,assinatura,2022-10-15,familia
DA740F21,assinatura,2022-10-15,basico
A8A6C230,assinatura,2022-10-15,basico
2F5C3D66,assinatura,2022-10-15,basico
75D71659,assinatura,2022-10-15,familia
B3F567B1,assinatura,2022-10-15,basico
7FB1F516,assinatura,2022-10-15,familia
D72DA229,assinatura,2022-10-15,familia
E26726F6,assinatura,2022-10-15,familia
276F6733,assinatura,2022-10-15,premium
C77FCD36,assinatura,2022-10-15,premium
213F75FB,assinatura,2022-10-16,premium
3DD25F14,assinatura,2022-10-16,premium
3D4458FD,assinatura,2022-10-16,premium
CD301B61,assinatura,2022-10-16,familia
529518F5,assinatura,2022-10-16,premium
FEE5F7F8,assinatura,2022-10-16,basico
F38E61F6,assinatura,2022-10-16,basico
B86C282D,assinatura,2022-10-16,premium
2C0F364E,assinatura,2022-10-16,basico
39F77607,assinatura,2022-10-16,familia
4912C1CA,assinatura,2022-10-16,basico
BC7D49E4,assinatura,2022-10-16,basico
78FEDAD4,assinatura,2022-10-16,basico
8A871DF5,assinatura,2022-10-16,familia
E9068755,assinatura,2022-10-16,basico
023DAEF7,assinatura,2022-10-16,premium
C65831B0,assinatura,2022-10-16,familia
3706F8CC,assinatura,2022-10-16,basico
A54FAB05,assinatura,2022-10-16,premium
464EEF1F,assinatura,2022-10-16,familia
82465F44,assinatura,2022-10-17,basico
B2E142C7,assinatura,2022-10-17,basico
0F8DC1A9,assinatura,2022-10-17,basico
11DA43E7,assinatura,2022-10-17,basico
2C0D895B,assinatura,2022-10-17,premium
71133F49,assinatura,2022-10-17,premium
C9182402,assinatura,2022-10-17,premium
12A2C57C,assinatura,2022-10-17,familia
B9448B06,assinatura,2022-10-17,basico
6FC8C6A7,assinatura,2022-10-17,premium
CD6FF28C,assinatura,2022-10-17,premium
F8A950AD,assinatura,2022-10-17,basico
5D8E5E5D,assinatura,2022-10-17,premium
63BE697C,assinatura,2022-10-17,basico
92F58916,assinatura,2022-10-17,familia
989B6B09,assinatura,2022-10-17,premium
8BDDBFA7,assinatura,2022-10-18,familia
44CC849F,assinatura,2022-10-18,premium
B169E17D,assinatura,2022-10-18,premium
A348F57C,assinatura,2022-10-18,basico
076CFB77,assinatura,2022-10-18,basico
4E6574D9,assinatura,2022-10-18,basico
29B047A6,assinatura,2022-10-18,basico
585FE8FA,assinatura,2022-10-18,familia
04F81784,assinatura,2022-10-18,basico
20CF20C6,assinatura,2022-10-18,basico
68C8E109,assinatura,2022-10-18,familia
3FFF53E8,assinatura,2022-10-18,premium
76A668EB,assinatura,2022-10-18,basico
E2EAF2FF,assinatura,2022-10-18,familia
98644C62,assinatura,2022-10-18,basico
D0D36B12,assinatura,2022-10-18,familia
4354056E,assinatura,2022-10-18,basico
9B0AD5A4,assinatura,2022-10-18,basico
7EBC0391,assinatura,2022-10-19,familia
10E5CA5C,assinatura,2022-10-19,premium
A6FE1E69,assinatura,2022-10-19,premium
55D7CC4A,assinatura,2022-10-19,familia
2DDF734B,assinatura,2022-10-19,basico
9C0B7FC1,assinatura,2022-10-19,basico
C43E44C3,assinatura,2022-10-19,basico
E2BE90B7,assinatura,2022-10-19,basico
CB552F94,assinatura,2022-10-19,basico
B1901D04,assinatura,2022-10-19,premium
12B5F260,assinatura,2022-10-19,premium
5CA52875,assinatura,2022-10-19,basico
070FD0B8,assinatura,2022-10-19,premium
08B231EE,assinatura,2022-10-19,premium
939CBF0F,assinatura,2022-10-19,familia
F8361EBD,assinatura,2022-10-19,premium
EFB17DC7,assinatura,2022-10-20,familia
AC4F878E,assinatura,2022-10-20,premium
9847B316,assinatura,2022-10-20,basico
FF3A95D8,assinatura,2022-10-20,basico
7585D5AB,assinatura,2022-10-20,basico
B1A0E902,assinatura,2022-10-20,basico
C205BF4B,assinatura,2022-10-20,familia
4AEA38DE,assinatura,2022-10-20,basico
55867892,assinatura,2022-10-20,basico
1B9A0BE6,assinatura,2022-10-20,basico
FF0C903B,assinatura,2022-10-20,basico
44B0227B,assinatura,2022-10-20,familia
E9E5397A,assinatura,2022-10-20,basico
B8F6D747,assinatura,2022-10-20,familia
E31CA77E,assinatura,2022-10-20,familia
117D0F5A,assinatura,2022-10-21,familia
BA87B133,assinatura,2022-10-21,familia
21F66870,assinatura,2022-10-21,familia
8D9E85D7,assinatura,2022-10-21,premium
3ED0298A,assinatura,2022-10-21,basico
A4629F1D,assinatura,2022-10-21,basico
91A07E31,assinatura,2022-10-21,premium
E18AD991,assinatura,2022-10-21,familia
27727DD1,assinatura,2022-10-21,familia
236A0E02,assinatura,2022-10-21,basico
B73077F8,assinatura,2022-10-21,premium
EB9BBED7,assinatura,2022-10-21,familia
156413A0,assinatura,2022-10-21,basico
E34AC71A,assinatura,2022-10-21,basico
F03ACA8F,assinatura,2022-10-21,familia
03DDA967,assinatura,2022-10-21,familia
04C937FE,assinatura,2022-10-21,basico
90939BEB,assinatura,2022-10-21,familia
2BAF331E,assinatura,2022-10-21,premium
0540EC0F,assinatura,2022-10-22,familia
CD351DE6,assinatura,2022-10-22,familia
51A536C5,assinatura,2022-10-22,familia
B7C631AA,assinatura,2022-10-22,basico
0C390B9B,assinatura,2022-10-22,premium
1B70E292,assinatura,2022-10-22,basico
AF8218CF,assinatura,2022-10-22,premium
D1609E7A,assinatura,2022-10-22,premium
98CC613C,assinatura,2022-10-22,familia
B92C83C2,assinatura,2022-10-22,basico
75B39F43,assinatura,2022-10-22,basico
5C7589C0,assinatura,2022-10-22,premium
F20CDADC,assinatura,2022-10-22,basico
1064E62D,assinatura,2022-10-22,premium
34986D0E,assinatura,2022-10-23,basico
4312FB2A,assinatura,2022-10-23,basico
12726B57,assinatura,2022-10-23,familia
48EDBAEF,assinatura,2022-10-23,basico
361A562D,assinatura,2022-10-23,premium
670BE842,assinatura,2022-10-23,familia
19A552F7,assinatura,2022-10-23,premium
57280286,assinatura,2022-10-23,basico
C13F953B,assinatura,2022-10-23,premium
1D2761BF,assinatura,2022-10-23,premium
83D2CE66,assinatura,2022-10-23,familia
A5A0EC47,assinatura,2022-10-23,premium
EFF9B977,assinatura,2022-10-23,basico
A25DD877,assinatura,2022-10-23,premium
627D6B5C,assinatura,2022-10-23,premium
F1F96364,assinatura,2022-10-23,premium
250316D6,assinatura,2022-10-23,basico
81B0D00C,assinatura,2022-10-23,familia
4F237DAF,assinatura,2022-10-23,familia
56C1E906,assinatura,2022-10-23,basico
878F416A,assinatura,2022-10-23,basico
CCED38B3,assinatura,2022-10-23,familia
77874251,assinatura,2022-10-23,premium
A9D9252F,assinatura,2022-10-23,premium
50B12946,assinatura,2022-10-23,familia
3408221B,assinatura,2022-10-23,familia
08C492A9,assinatura,2022-10-23,familia
92E57D88,assinatura,2022-10-23,premium
0CE1D83D,assinatura,2022-10-24,basico
9DBD0181,assinatura,2022-10-24,familia
8ECC2813,assinatura,2022-10-24,premium
B8C0B906,assinatura,2022-10-24,basico
380B0F29,assinatura,2022-10-24,premium
B75CCF3D,assinatura,2022-10-24,familia
CFE52B4E,assinatura,2022-10-24,premium
118A0903,assinatura,2022-10-24,basico
5E86DBBB,assinatura,2022-10-24,basico
95BAEFB6,assinatura,2022-10-24,familia
F8BD63A2,assinatura,2022-10-24,familia
67737DDB,assinatura,2022-10-24,familia
686175C9,assinatura,2022-10-24,basico
8FB8DB94,assinatura,2022-10-24,familia
A6660DF5,assinatura,2022-10-24,basico
4EBF1857,assinatura,2022-10-24,basico
2553679C,assinatura,2022-10-24,basico
4232A685,assinatura,2022-10-25,familia
DBB46077,assinatura,2022-10-25,familia
C7A212FB,assinatura,2022-10-25,premium
2323EEFD,assinatura,2022-10-25,basico
80266285,assinatura,2022-10-25,premium
FA68BA3E,assinatura,2022-10-25,basico
5C135DB5,assinatura,2022-10-25,basico
C450669B,assinatura,2022-10-25,basico
B09842B8,assinatura,2022-10-25,basico
8C022C7C,assinatura,2022-10-25,basico
317E8345,assinatura,2022-10-25,familia
236218A9,assinatura,2022-10-25,premium
50A17454,assinatura,2022-10-25,basico
81B91587,assinatura,2022-10-25,basico
746476AA,assinatura,2022-10-25,basico
B86EE9FD,assinatura,2022-10-25,premium
B0537967,assinatura,2022-10-25,basico
01106C31,assinatura,2022-10-25,familia
2B5A9519,assinatura,2022-10-25,basico
A6819B1F,assinatura,2022-10-25,basico
3CDFC7F1,assinatura,2022-10-26,basico
0E672EB1,assinatura,2022-10-26,familia
87DECBCE,assinatura,2022-10-26,basico
8952058F,assinatura,2022-10-26,premium
A682A8FF,assinatura,2022-10-26,premium
CB903D63,assinatura,2022-10-26,premium
CECFF9DD,assinatura,2022-10-26,premium
D838364C,assinatura,2022-10-26,basico
9D7158BD,assinatura,2022-10-26,familia
A26DA93A,assinatura,2022-10-26,premium
4408C59C,assinatura,2022-10-26,basico
545D2E76,assinatura,2022-10-26,premium
7BA1A7E9,assinatura,2022-10-26,familia
491426A6,assinatura,2022-10-26,premium
742E56D4,assinatura,2022-10-26,premium
D9DA000C,assinatura,2022-10-27,premium
1789498B,assinatura,2022-10-27,premium
05C71993,assinatura,2022-10-27,basico
826B6BFD,assinatura,2022-10-27,basico
53D8B6B7,assinatura,2022-10-27,familia
E2F7948E,assinatura,2022-10-27,basico
4F1DD422,assinatura,2022-10-27,basico
5DF5C20A,assinatura,2022-10-27,premium
4434965C,assinatura,2022-10-27,basico
540F38D0,assinatura,2022-10-27,basico
BA884EAA,assinatura,2022-10-27,familia
8F2DA7F8,assinatura,2022-10-27,basico
59643196,assinatura,2022-10-27,basico
64BEA3F7,assinatura,2022-10-27,premium
82A1DA01,assinatura,2022-10-27,premium
53BA3966,assinatura,2022-10-27,familia
451FE6DF,assinatura,2022-10-27,premium
66D5B391,assinatura,2022-10-27,familia
8029A033,assinatura,2022-10-27,basico
EDEC6381,assinatura,2022-10-27,premium
8ADBA06F,assinatura,2022-10-27,familia
E73A7D7A,assinatura,2022-10-27,familia
5D0A071A,assinatura,2022-10-27,premium
FB0E9F5A,assinatura,2022-10-27,premium
B41975F8,assinatura,2022-10-27,basico
721465D7,assinatura,2022-10-27,basico
C6A26DE5,assinatura,2022-10-28,basico
39FF80C0,assinatura,2022-10-28,premium
FA431204,assinatura,2022-10-28,basico
A2D010A6,assinatura,2022-10-28,premium
5B27DFD8,assinatura,2022-10-28,basico
22F2E71D,assinatura,2022-10-28,basico
F34E624C,assinatura,2022-10-28,basico
89EC3FAA,assinatura,2022-10-28,familia
5CC04DBC,assinatura,2022-10-28,basico
AE31FE59,assinatura,2022-10-28,basico
0B1BA49F,assinatura,2022-10-28,premium
78B9FE5B,assinatura,2022-10-28,familia
4263E487,assinatura,2022-10-28,premium
BE70D288,assinatura,2022-10-28,basico
CE58EBB1,assinatura,2022-10-29,premium
7A4C671A,assinatura,2022-10-29,premium
0E5832BC,assinatura,2022-10-29,basico
6ABDEFBC,assinatura,2022-10-29,basico
06C70526,assinatura,2022-10-29,premium
5B26241B,assinatura,2022-10-29,basico
433F2C5E,assinatura,2022-10-29,basico
78EC3245,assinatura,2022-10-29,familia
7167C9D5,assinatura,2022-10-29,familia
3B9F3A46,assinatura,2022-10-29,basico
50744D16,assinatura,2022-10-29,basico
97A18C9C,assinatura,2022-10-29,premium
CC6F5ACB,assinatura,2022-10-29,premium
BC5CE6A1,assinatura,2022-10-29,premium
4381981C,assinatura,2022-10-29,premium
DDE353B3,assinatura,2022-10-30,premium
5B6C7DFF,assinatura,2022-10-30,basico
FF8B6CF1,assinatura,2022-10-30,basico
4EA8B92C,assinatura,2022-10-30,premium
A9C8C58A,assinatura,2022-10-30,familia
43EAEC22,assinatura,2022-10-30,basico
A0D5E3D8,assinatura,2022-10-30,premium
4F451DEC,assinatura,2022-10-30,premium
7BF24913,assinatura,2022-10-30,basico
A3AA2232,assinatura,2022-10-30,premium
5F779887,assinatura,2022-10-30,familia
6AB5C39E,assinatura,2022-10-30,basico
A790CE78,assinatura,2022-10-30,premium
108D55D7,assinatura,2022-10-30,familia
5342896A,assinatura,2022-10-30,premium
0A4ADAFF,assinatura,2022-10-30,premium
B9EF638F,assinatura,2022-10-30,premium
A1F7CDFE,assinatura,2022-10-30,familia
85592497,assinatura,2022-10-30,premium
9F3EC9E1,assinatura,2022-10-31,basico
2063A47B,assinatura,2022-10-31,familia
A4F1F049,assinatura,2022-10-31,basico
0F04E08A,assinatura,2022-10-31,familia
D3882E29,assinatura,2022-10-31,premium
AAEA9E00,assinatura,2022-10-31,basico
66E05998,assinatura,2022-10-31,basico
24A83787,assinatura,2022-10-31,basico
AFD7FE6B,assinatura,2022-10-31,familia
FFE3DD4F,assinatura,2022-10-31,premium
E4E3E31D,assinatura,2022-10-31,premium
3933BD10,assinatura,2022-10-31,basico
B27D8785,assinatura,2022-10-31,premium
2C585318,assinatura,2022-10-31,basico
B3D5801B,assinatura,2022-10-31,familia
75F7F534,assinatura,2022-10-31,basico
29D2FA2C,assinatura,2022-10-31,familia
9E3F163D,assinatura,2022-10-31,basico
7DFF52D5,assinatura,2022-10-31,premium
43F2AAB8,assinatura,2022-10-31,basico
5A9D5083,assinatura,2022-11-03,basico
2222A32A,assinatura,2022-11-05,premium
899658CC,assinatura,2022-11-06,basico
5613B7E3,assinatura,2022-11-06,premium
81203FDD,assinatura,2022-11-06,basico
E94A18BE,assinatura,2022-11-06,basico
4D2560D0,assinatura,2022-11-06,familia
87A13D59,assinatura,2022-11-06,familia
627EF49D,assinatura,2022-11-06,familia
75ABFDEC,assinatura,2022-11-06,premium
DA75BDBD,assinatura,2022-11-06,basico
D27E609A,assinatura,2022-11-06,premium
E8E794A3,assinatura,2022-11-07,premium
92893532,assinatura,2022-11-07,basico
FAD581F1,assinatura,2022-11-07,familia
A78C48B1,assinatura,2022-11-07,basico
CEA1C9A3,assinatura,2022-11-07,basico
293C801E,assinatura,2022-11-07,familia
1D291540,assinatura,2022-11-07,basico
5DD2743B,assinatura,2022-11-07,basico
9860B77A,assinatura,2022-11-07,premium
F9B278E6,assinatura,2022-11-07,basico
8140F153,assinatura,2022-11-07,familia
46DEA1E3,assinatura,2022-11-08,familia
86C36B33,assinatura,2022-11-08,premium
21D23767,assinatura,2022-11-08,basico
645B9319,assinatura,2022-11-08,basico
4D548FE8,assinatura,2022-11-08,basico
08266F6C,assinatura,2022-11-08,basico
0547E61D,assinatura,2022-11-08,basico
C361C1A3,assinatura,2022-11-08,familia
5A58E78D,assinatura,2022-11-08,familia
9497C3B6,assinatura,2022-11-08,basico
3501B064,assinatura,2022-11-08,basico
01715A04,assinatura,2022-11-08,premium
030D8258,assinatura,2022-11-09,familia
437D7562,assinatura,2022-11-09,basico
D728A15B,assinatura,2022-11-09,basico
FB2DF562,assinatura,2022-11-09,basico
E6520853,assinatura,2022-11-09,basico
F2C66BE2,assinatura,2022-11-09,premium
93D03F14,assinatura,2022-11-09,premium
5B67CE65,assinatura,2022-11-09,familia
D8ECF23B,assinatura,2022-11-09,premium
7EED4466,assinatura,2022-11-10,basico
D095ACC8,assinatura,2022-11-10,basico
D270D031,assinatura,2022-11-10,familia
26EE6374,assinatura,2022-11-10,premium
87D8E66A,assinatura,2022-11-10,familia
D189952F,assinatura,2022-11-10,basico
6C68752A,assinatura,2022-11-10,basico
65BEE947,assinatura,2022-11-10,familia
14EAB581,assinatura,2022-11-10,basico
8A2C0D1E,assinatura,2022-11-10,basico
AB9E58A9,assinatura,2022-11-10,premium
17A8BD5B,assinatura,2022-11-10,premium
2F913EE9,assinatura,2022-11-10,premium
92D46127,assinatura,2022-11-10,familia
220C5CF4,assinatura,2022-11-11,familia
CCF161CB,assinatura,2022-11-11,basico
8CB7C1CA,assinatura,2022-11-11,basico
3E9043F3,assinatura,2022-11-11,basico
EF9486C5,assinatura,2022-11-11,premium
244C69CC,assinatura,2022-11-11,premium
49FE5421,assinatura,2022-11-11,familia
EF6667C2,assinatura,2022-11-11,premium
EBA5B2BF,assinatura,2022-11-11,familia
A30D9A5B,assinatura,2022-11-11,premium
237B10F9,assinatura,2022-11-11,premium
A5914064,assinatura,2022-11-11,basico
298FD8D6,assinatura,2022-11-12,familia
2A44C80A,assinatura,2022-11-13,premium
F62B0ED4,assinatura,2022-11-13,basico
D9AC607F,assinatura,2022-11-13,basico
3EABA10E,assinatura,2022-11-13,basico
8A302E9C,assinatura,2022-11-13,premium
2702D875,assinatura,2022-11-13,basico
E77F9A2D,assinatura,2022-11-14,basico
96FDF604,assinatura,2022-11-15,premium
B1404C98,assinatura,2022-11-15,premium
EE3238F9,assinatura,2022-11-15,familia
F30FC6B8,assinatura,2022-11-16,familia
1F1682AC,assinatura,2022-11-16,familia
46E2526D,assinatura,2022-11-16,premium
2161D851,assinatura,2022-11-17,familia
8060A6E9,assinatura,2022-11-17,premium
BEC6FE64,assinatura,2022-11-17,familia
C1482C4E,assinatura,2022-11-17,familia
8D3A0C76,assinatura,2022-11-17,premium
43390794,assinatura,2022-11-18,basico
9356A12C,assinatura,2022-11-18,familia
111A634C,assinatura,2022-11-18,familia
0C4E7531,assinatura,2022-11-18,premium
CA8BD449,assinatura,2022-11-18,premium
2F9B2844,assinatura,2022-11-18,familia
D109CC5E,assinatura,2022-11-19,basico
97CA2E48,assinatura,2022-11-19,basico
1C5EF502,assinatura,2022-11-20,familia
5BCEB67C,assinatura,2022-11-20,basico
DC4F0785,assinatura,2022-11-20,basico
FBA16384,assinatura,2022-11-20,premium
732DAFCF,assinatura,2022-11-21,basico
0041A575,assinatura,2022-11-21,premium
DD24131C,assinatura,2022-11-21,basico
6A21C994,assinatura,2022-11-21,basico
11A5E8D2,assinatura,2022-11-21,premium
0470859D,assinatura,2022-11-22,basico
4D5F0D97,assinatura,2022-11-22,basico
97694804,assinatura,2022-11-22,premium
92136175,assinatura,2022-11-22,basico
6127A0CC,assinatura,2022-11-23,premium
F2B0F44D,assinatura,2022-11-25,basico
5CF65ED2,assinatura,2022-11-25,premium
2B34C553,assinatura,2022-11-26,basico
F2D41C75,assinatura,2022-11-26,basico
EC751324,assinatura,2022-11-27,premium
FF87C379,assinatura,2022-11-27,familia
33A3F0EB,assinatura,2022-12-01,premium
5BFB712A,assinatura,2022-12-04,premium
1CA1DB0E,assinatura,2022-12-05,basico
BF8215D1,assinatura,2022-12-06,basico
82C36CFE,assinatura,2022-12-06,familia
9311F7DD,assinatura,2022-12-06,basico
7D412E15,assinatura,2022-12-06,premium
CFC58E52,assinatura,2022-12-06,familia
11F58734,assinatura,2022-12-07,basico
0F950724,assinatura,2022-12-07,familia
CACFB1C4,assinatura,2022-12-07,familia
E1E06042,assinatura,2022-12-07,premium
84B197C8,assinatura,2022-12-07,familia
EB63CB75,assinatura,2022-12-07,basico
7076B57D,assinatura,2022-12-07,basico
A6DA2538,assinatura,2022-12-07,familia
E55ACB74,assinatura,2022-12-07,familia
C2121745,assinatura,2022-12-07,familia
E8E5609C,assinatura,2022-12-07,premium
268C5624,assinatura,2022-12-07,premium
C41DE302,assinatura,2022-12-07,basico
960E65D3,assinatura,2022-12-07,familia
CB33A421,assinatura,2022-12-07,familia
A3B66AC8,assinatura,2022-12-07,familia
7D89F2C0,assinatura,2022-12-07,basico
3332499B,assinatura,2022-12-07,premium
2523A62C,assinatura,2022-12-07,basico
41FD5A5E,assinatura,2022-12-07,familia
EDEFD163,assinatura,2022-12-08,premium
FE93E350,assinatura,2022-12-08,familia
5538D3DF,assinatura,2022-12-08,basico
3166F124,assinatura,2022-12-08,basico
94ABAEA6,assinatura,2022-12-08,familia
77F25C28,assinatura,2022-12-08,familia
171BB180,assinatura,2022-12-08,familia
B3939985,assinatura,2022-12-08,familia
574F0F1D,assinatura,2022-12-08,familia
97136D32,assinatura,2022-12-08,basico
6BC6376A,assinatura,2022-12-08,premium
BD796A7A,assinatura,2022-12-08,basico
60B8D07D,assinatura,2022-12-08,basico
DB9A89BC,assinatura,2022-12-08,familia
A467593F,assinatura,2022-12-08,premium
A70B02D6,assinatura,2022-12-08,familia
6739887D,assinatura,2022-12-09,premium
AA46470E,assinatura,2022-12-09,familia
7D5BA946,assinatura,2022-12-09,basico
C83658F4,assinatura,2022-12-09,premium
23F1BB56,assinatura,2022-12-09,familia
EC4AF639,assinatura,2022-12-09,basico
1FA9EBFD,assinatura,2022-12-09,basico
74DB5069,assinatura,2022-12-09,basico
214CE268,assinatura,2022-12-09,familia
2D3822E2,assinatura,2022-12-09,premium
E8E50E54,assinatura,2022-12-09,basico
E720C452,assinatura,2022-12-10,basico
43DE9982,assinatura,2022-12-10,premium
8D371D13,assinatura,2022-12-10,familia
C8B3560A,assinatura,2022-12-10,premium
F363BF29,assinatura,2022-12-10,basico
74108B4F,assinatura,2022-12-10,familia
D382E30E,assinatura,2022-12-10,basico
D063A8A1,assinatura,2022-12-10,premium
506A7353,assinatura,2022-12-10,familia
305C2830,assinatura,2022-12-10,familia
E8389A6E,assinatura,2022-12-10,basico
FAEA60D8,assinatura,2022-12-10,premium
B53FE8F7,assinatura,2022-12-10,premium
46D7A0D0,assinatura,2022-12-10,basico
C6523838,assinatura,2022-12-10,premium
1AF10294,assinatura,2022-12-10,familia
67600F18,assinatura,2022-12-10,basico
3C33ACE2,assinatura,2022-12-11,familia
6C644FD4,assinatura,2022-12-11,basico
55B9BD3D,assinatura,2022-12-11,premium
12DD5685,assinatura,2022-12-11,familia
38DA12BD,assinatura,2022-12-11,basico
22AB99FB,assinatura,2022-12-11,familia
00C18D69,assinatura,2022-12-11,basico
D464F214,assinatura,2022-12-11,familia
5AFBB2E7,assinatura,2022-12-11,premium
1C9E3DC9,assinatura,2022-12-11,familia
1BC0D277,assinatura,2022-12-11,basico
85281D3A,assinatura,2022-12-12,basico
214313F0,assinatura,2022-12-12,basico
4A2D3C54,assinatura,2022-12-12,basico
C7D5DA7B,assinatura,2022-12-14,premium
2192960D,assinatura,2022-12-15,basico
FFC5F960,assinatura,2022-12-19,premium
E16AD802,assinatura,2022-12-21,familia
1C47E353,assinatura,2022-12-23,premium
16BEFE90,assinatura,2022-12-23,basico
E2D981ED,assinatura,2022-12-25,familia
3B900AD3,assinatura,2022-12-25,premium
5C4112FB,assinatura,2022-12-28,premium
